cell,sp_nme
AAACATACAGCTAC,species1
AAACATTGTAAGGA,species2
AAACCGTGGCGTAT,species2
AAACGCACTACTGG,species2
AAACGCTGAAGATG,species2
AAACGCTGCGCATA,species1
AAACGGCTCTGGAT,species2
AAACGGCTTCGCTC,species2
AAACGGCTTGCCCT,species2
AAACTTGAAAGAAC,species1
AAACTTGAAGCCAT,species1
AAACTTGAGTCTTT,species2
AAAGACGACTCAAG,species2
AAAGACGATATCGG,species1
AAAGAGACACTGTG,species1
AAAGAGACTGGTGT,species1
AAAGATCTCATTTC,species1
AAAGATCTCTTATC,species1
AAAGATCTCTTGAG,species2
AAAGATCTGCGTAT,species2
AAAGATCTGCGTTA,species2
AAAGCAGAATTGGC,species2
AAAGCCTGCCTATT,species2
AAAGCCTGGCAAGG,species2
AAAGCCTGTCACGA,species2
AAAGGCCTAACCTG,species1
AAAGTTTGCTGACA,species1
AAAGTTTGCTTGAG,species2
AAAGTTTGGGAAAT,species2
AAATACTGAAAGCA,species2
AAATACTGACACAC,species2
AAATACTGCCCTTG,species1
AAATACTGGAAGGC,species2
AAATACTGGAGAGC,species2
AAATACTGGTGTTG,species2
AAATACTGTTCTGT,species2
AAATCAACACCGAT,species1
AAATCAACCTCCAC,species1
AAATCAACTCAGGT,species1
AAATCAACTCTCTA,species1
AAATCATGCTCGAA,species1
AAATGGGAACCAGT,species2
AAATGGGACTTGGA,species1
AAATGGGAGAATCC,species1
AAATGGGAGCTAAC,species2
AAATGGGATTCATC,species2
AAATGTTGACCCTC,species2
AAATGTTGACTTTC,species2
AAATGTTGCTGAAC,species1
AAATGTTGGAGATA,species2
AAATGTTGTGCCCT,species1
AAATGTTGTTGCGA,species1
AAATTCGACACTCC,species1
AAATTCGACATACG,species2
AAATTGACATCACG,species1
AAATTGACTAGCCA,species1
AACAAACTCGACAT,species1
AACAAACTCTGGTA,species2
AACAAACTGAATGA,species1
AACAAACTGTGCAT,species2
AACAAACTTCGACA,species1
AACAATACAACGTC,species2
AACAATACCAAGCT,species2
AACAATACTAACCG,species1
AACAATACTCCAAG,species1
AACAATACTCGATG,species1
AACACGTGACTGGT,species2
AACACGTGCTCGCT,species1
AACACGTGGAGGCA,species2
AACACGTGTACGCA,species1
AACACGTGTTCGGA,species1
AACACTCTTAGCCA,species2
AACAGAGAATCTTC,species2
AACAGAGATACTTC,species2
AACAGAGATGCACA,species1
AACAGCACAGTGCT,species1
AACAGCACCCTAAG,species2
AACAGCACCGTGTA,species2
AACAGCACTCTCGC,species2
AACATATGACGTTG,species1
AACATATGCTTACT,species1
AACATATGTCGTGA,species2
AACATATGTGCTGA,species2
AACATTGAGCCATA,species2
AACATTGAGGGCAA,species1
AACATTGATCCTGC,species1
AACCACGACTTGAG,species2
AACCACGATCCGAA,species2
AACCCAGAGACTAC,species2
AACCGATGAAAACG,species1
AACCGATGCTTCGC,species1
AACCGATGGCCAAT,species2
AACCGATGTATCTC,species1
AACCGATGTTGTCT,species2
AACCGCCTATTCGG,species1
AACCGCCTGTAAAG,species1
AACCGCCTGTATGC,species2
AACCGCCTTAGTCG,species2
AACCTTACCCCTAC,species2
AACCTTACCTACCC,species2
AACCTTTGAAAGCA,species2
AACCTTTGAGTGCT,species2
AACCTTTGTGTCAG,species2
AACGCAACCAGAAA,species2
AACGCAACGTTACG,species1
AACGCAACTTCAGG,species1
AACGCATGTGAGAA,species1
AACGCCCTACACGT,species2
AACGGTACGGAAAT,species2
AACGGTACTCAAGC,species2
AACGGTACTGTCTT,species2
AACGGTACTTCATC,species1
AACGGTTGAATCGC,species2
AACGGTTGGGGCAA,species1
AACGTCGAAACCTG,species2
AACGTCGAACACTG,species2
AACGTGTGAGTGTC,species2
AACGTGTGATGACC,species1
AACGTGTGCCCTAC,species2
AACGTGTGCGTTGA,species1
AACGTGTGTCGCTC,species2
AACGTGTGTTACTC,species1
AACGTTCTTCCGAA,species2
AACGTTCTTTGAGC,species2
AACTACCTAGACTC,species2
AACTACCTAGAGGC,species2
AACTACCTCACTGA,species2
AACTACCTCTTGAG,species2
AACTCACTTCCCAC,species1
AACTCGGAACCACA,species2
AACTCGGAGCGATT,species2
AACTCTTGACACTG,species1
AACTCTTGATGACC,species1
AACTCTTGCGAGAG,species1
AACTCTTGTCGCAA,species1
AACTGTCTCAATCG,species2
AACTTGCTGTATGC,species2
AACTTGCTTCTCCG,species2
AACTTGCTTGGTTG,species1
AAGAACGATCACCC,species1
AAGAAGACAAAGCA,species1
AAGAAGACACTTTC,species1
AAGAAGACGGAGTG,species2
AAGAAGACTTTACC,species1
AAGAATCTATGACC,species1
AAGAATCTCGACTA,species2
AAGAGATGCGTGTA,species2
AAGATGGAGCATAC,species2
AAGATTACATAAGG,species1
AAGATTACATTCGG,species1
AAGATTACCTAGTG,species1
AAGATTACTGCCTC,species2
AAGCAAGAAATCGC,species2
AAGCAAGACCCTCA,species1
AAGCCAACCAATCG,species1
AAGCCATGAACCTG,species2
AAGCCATGACTCTT,species1
AAGCCATGCTGTTT,species2
AAGCCTGAACCTGA,species2
AAGCGACTAAAAGC,species1
AAGCGTACGTGTTG,species2
AAGCGTACTCTGGA,species1
AAGGCTACTTACTC,species2
AAGGTCACAAGGGC,species2
AAGGTCACTGAAGA,species1
AAGGTCTGGCCCTT,species1
AAGGTGCTCAACTG,species2
AAGGTGCTGCTGAT,species1
AAGGTGCTGTAGGG,species2
AAGGTGCTTACTGG,species1
AAGTAACTAGCCTA,species1
AAGTAACTGATAAG,species1
AAGTAACTTATCGG,species1
AAGTAGGACATCAG,species1
AAGTAGGACGAACT,species2
AAGTATACCCAACA,species1
AAGTATACGAGGCA,species2
AAGTATACTGAGGG,species1
AAGTCCGAAATCGC,species2
AAGTCCGAAGAACA,species1
AAGTCCGACTGTCC,species2
AAGTCCGATCAGTG,species2
AAGTCTCTAGTGTC,species1
AAGTCTCTCTTGCC,species1
AAGTCTCTTTTACC,species1
AAGTGCACAGTCTG,species1
AAGTGCACATGTGC,species1
AAGTGCACGGAAGC,species1
AAGTTATGGCAGAG,species2
AAGTTATGGCTGTA,species1
AAGTTATGTCTATC,species2
AAGTTATGTTCGGA,species1
AAGTTCCTCAAGCT,species2
AAGTTCCTCCTCCA,species1
AAGTTCCTTCCGTC,species2
AATAAGCTTGATGC,species1
AATACCCTAAGTGA,species2
AATACCCTCCGCTT,species2
AATACCCTGTACAC,species2
AATACTGAAAGTAG,species2
AATACTGAGCATAC,species2
AATACTGAGGGACA,species1
AATACTGATTCTCA,species1
AATAGGGATTCATC,species2
AATAGGGATTTCAC,species1
AATATCGACCCGTT,species1
AATATCGACGACTA,species1
AATATCGAGCAGTT,species1
AATCAAACGCAGTT,species1
AATCAAACGCTTAG,species1
AATCCGGACATTTC,species1
AATCCGGATGTAGC,species2
AATCCTACACCTAG,species2
AATCCTACCCCTCA,species2
AATCCTACGGGCAA,species1
AATCCTTGAACGGG,species2
AATCCTTGAACTGC,species2
AATCCTTGTTGCGA,species1
AATCGGTGACGCAT,species1
AATCGGTGAGTACC,species2
AATCGGTGCACTCC,species1
AATCGGTGCCAAGT,species2
AATCTAGAAGTCTG,species2
AATCTAGAATTGGC,species2
AATCTCACACCATG,species2
AATCTCACACCCTC,species1
AATCTCTGATCACG,species2
AATCTCTGCGTTGA,species1
AATGAGGACGCTAA,species2
AATGAGGATTTCGT,species1
AATGCGTGAACAGA,species1
AATGCGTGAAGGGC,species1
AATGCGTGATAAGG,species1
AATGCGTGGCAAGG,species1
AATGCGTGTGGTTG,species1
AATGGAGATGCATG,species1
AATGTAACAGTGCT,species2
AATGTAACATCGTG,species1
AATGTAACTTCCGC,species2
AATGTCCTAAGGCG,species2
AATGTCCTTTCCGC,species2
AATGTTGAACCTGA,species2
AATGTTGAAGCTCA,species2
AATGTTGACCACCT,species1
AATGTTGACCTACC,species2
AATGTTGACTGCTC,species1
AATTACGACGAATC,species1
AATTCCTGAAAGCA,species2
AATTGATGGTCTAG,species2
AATTGTGAAACCAC,species1
AATTGTGAACCTTT,species1
AATTGTGAATTTCC,species2
AATTGTGATGTCGA,species2
ACAAAGGAGGTCTA,species2
ACAAAGGAGTTGGT,species1
ACAAAGGATGTAGC,species2
ACAAATTGAACGAA,species2
ACAAATTGGGGATG,species1
ACAACCGACCTTGC,species1
ACAACCGAGTAGGG,species1
ACAAGAGAACGACT,species1
ACAAGAGACTCAGA,species1
ACAAGAGACTGTTT,species2
ACAAGAGAGCATCA,species1
ACAAGCACTCTTTG,species1
ACAAGCACTTACTC,species2
ACAATAACTCTCAT,species1
ACAATCCTCGTGTA,species2
ACAATCCTGTCCTC,species1
ACAATTGACCCTCA,species2
ACAATTGATTCCGC,species2
ACACATCTCCATAG,species2
ACACATCTGTGAGG,species1
ACACATCTTGGGAG,species1
ACACCCTGGAGGGT,species1
ACACCCTGGCTACA,species1
ACACGAACCTGATG,species1
ACACGAACTGTGAC,species1
ACACGATGAGCGTT,species1
ACACGATGGGTCAT,species2
ACACGATGTGGATC,species1
ACACGTGACACTCC,species2
ACACGTGAGCTAAC,species2
ACACGTGATGACCA,species1
ACAGACACCGTCTC,species2
ACAGACACCTCAGA,species1
ACAGCAACCCCTCA,species2
ACAGCAACCCGTAA,species2
ACAGGTACTCTTCA,species1
ACAGTCGAAGCTAC,species1
ACAGTCGAATCAGC,species2
ACAGTCGAATCTCT,species1
ACAGTCGATGAGAA,species2
ACAGTGACACTACG,species2
ACAGTGACATTCTC,species2
ACAGTGACCCCACT,species1
ACAGTGTGAACCAC,species2
ACAGTGTGCTGGTA,species2
ACAGTTCTTTTACC,species1
ACATACCTTGTAGC,species1
ACATCACTCACAAC,species1
ACATCACTCCTCCA,species1
ACATCACTTATGCG,species1
ACATGGTGTCTCCG,species2
ACATTCTGACGACT,species1
ACCAACGACGATAC,species2
ACCACAGAATGGTC,species1
ACCACAGACTTCCG,species1
ACCACAGAGGAAAT,species1
ACCACAGAGTTTGG,species2
ACCACAGATGGTAC,species2
ACCACAGATGTCTT,species2
ACCACCTGAAAACG,species1
ACCACCTGCACAAC,species2
ACCACCTGCCCTAC,species2
ACCACCTGCCCTCA,species1
ACCACCTGTGTGCA,species1
ACCACGCTAACGGG,species2
ACCAGCCTGAATCC,species2
ACCAGCCTGTTGAC,species2
ACCAGCCTTGGTGT,species1
ACCAGTGACTCTCG,species2
ACCAGTGAGCCAAT,species2
ACCAGTGAGTTCAG,species2
ACCAGTGATGCTAG,species1
ACCATTACCCAATG,species1
ACCATTACCGGAGA,species1
ACCATTACTCTCCG,species1
ACCATTACTGCCCT,species1
ACCATTTGAACCGT,species2
ACCATTTGCTCAAG,species2
ACCATTTGCTGTAG,species1
ACCCAAGAATGGTC,species2
ACCCAAGACTCGCT,species2
ACCCAAGATAACGC,species2
ACCCACTGAGAATG,species1
ACCCACTGCCAAGT,species2
ACCCAGCTAATGCC,species2
ACCCAGCTCCCACT,species2
ACCCAGCTCGAGTT,species2
ACCCAGCTGTGCTA,species1
ACCCGTACACCTAG,species2
ACCCGTACGTGTAC,species1
ACCCGTTGACACCA,species1
ACCCGTTGAGCGGA,species1
ACCCGTTGCTATGG,species1
ACCCGTTGGAGAGC,species2
ACCCGTTGGGATTC,species1
ACCCGTTGTAACGC,species1
ACCCTCGACATGGT,species1
ACCCTCGAGACGAG,species1
ACCGAAACACACAC,species2
ACCGAAACGAATGA,species2
ACCGAAACTAAGCC,species1
ACCGAAACTCCCAC,species1
ACCGAAACTGCATG,species1
ACCGCGGAATCAGC,species1
ACCGCGGACAGAGG,species2
ACCGCGGATGACAC,species1
ACCGCGGATGGCAT,species2
ACCGCGGATTGAGC,species1
ACCGTGCTGGATTC,species1
ACCGTGCTGTAAGA,species1
ACCTATTGGTTCGA,species2
ACCTCCGAAAGGCG,species1
ACCTCCGAAGCGGA,species2
ACCTCCGACGAATC,species1
ACCTCGTGAACGAA,species2
ACCTCGTGGGCATT,species1
ACCTCGTGTCGTGA,species1
ACCTCGTGTGCATG,species1
ACCTGGCTACGCTA,species1
ACCTGGCTCGACTA,species1
ACCTGGCTTATCGG,species1
ACCTGGCTTGCCTC,species1
ACCTGGCTTGTGGT,species2
ACCTTTGAAAAAGC,species1
ACCTTTGAACACTG,species1
ACGAACACTGAAGA,species2
ACGAACTGCTGTGA,species1
ACGAACTGTGCTGA,species2
ACGAACTGTTGAGC,species2
ACGAAGCTTCCAAG,species2
ACGAAGCTTGTCAG,species1
ACGACAACGAACCT,species2
ACGACAACGCCTTC,species1
ACGACAACTTGAGC,species2
ACGACCCTAACGTC,species1
ACGACCCTCTGCTC,species1
ACGACCCTGGAGGT,species1
ACGACCCTTAAGCC,species2
ACGACCCTTCAGAC,species1
ACGACCCTTGCAAC,species1
ACGACCCTTTGCGA,species2
ACGAGTACCTGAGT,species2
ACGAGTACGTCATG,species1
ACGAGTACTGCAGT,species1
ACGAGTACTTTACC,species2
ACGATCGACGAGAG,species2
ACGATCGATGCTGA,species1
ACGATGACATAAGG,species2
ACGATGACGAGAGC,species1
ACGATTCTAGCCAT,species2
ACGATTCTATGCCA,species2
ACGATTCTGGTACT,species1
ACGATTCTTAGCGT,species1
ACGCAATGCCTTAT,species1
ACGCAATGTATCTC,species1
ACGCAATGTCTTAC,species2
ACGCACCTACCAAC,species1
ACGCCACTAACTGC,species2
ACGCCACTAAGGCG,species2
ACGCCACTCCTTTA,species1
ACGCCACTGGAGTG,species2
ACGCCACTGTTCTT,species2
ACGCCGGAACAGCT,species2
ACGCCGGACGGGAA,species1
ACGCCGGACTCGAA,species2
ACGCCGGATGGAGG,species1
ACGCCTTGCGATAC,species1
ACGCCTTGTTTACC,species1
ACGCGGTGATAAGG,species2
ACGCGGTGGTCTTT,species2
ACGCTGCTACCTCC,species2
ACGCTGCTTGTCTT,species1
ACGGAACTAGGTCT,species2
ACGGAACTCATTTC,species2
ACGGAACTCCTAAG,species1
ACGGAACTTAGCCA,species1
ACGGAACTTGCATG,species1
ACGGATTGGAAGGC,species2
ACGGATTGGGGTGA,species2
ACGGATTGGGTTAC,species1
ACGGATTGTATTCC,species2
ACGGATTGTTAGGC,species2
ACGGCTCTACTCAG,species1
ACGGCTCTGATAAG,species1
ACGGGAGAACGACT,species2
ACGGGAGAGACAAA,species1
ACGGGAGATCCGAA,species2
ACGGTAACAAAAGC,species2
ACGGTAACCATCAG,species2
ACGGTAACGGAAGC,species1
ACGGTAACGTGTCA,species1
ACGGTAACTACAGC,species1
ACGGTAACTTATCC,species1
ACGGTATGAACGGG,species2
ACGGTATGTGCTCC,species1
ACGGTATGTGGGAG,species1
ACGTAGACCGCATA,species2
ACGTAGACTGTCGA,species2
ACGTCAGAAGTCAC,species1
ACGTCAGATCTCTA,species1
ACGTCAGATGACAC,species1
ACGTCCTGGAAAGT,species2
ACGTCGCTACGGAG,species1
ACGTCGCTCAGTCA,species1
ACGTCGCTTTATCC,species2
ACGTGATGATTCCT,species2
ACGTGCCTAGATCC,species2
ACGTGCCTCCTCCA,species1
ACGTGCCTCGTTGA,species2
ACGTGCCTGTAAGA,species2
ACGTTACTCGTTAG,species2
ACGTTACTGATAAG,species2
ACGTTGGACTGCTC,species2
ACGTTGGATCACCC,species2
ACGTTGGATCGCAA,species1
ACGTTGGATGTCCC,species1
ACGTTTACCTGGAT,species1
ACGTTTACGGAGTG,species2
ACTAAAACTGGAAA,species2
ACTACTACCTGAAC,species2
ACTACTACGGAACG,species2
ACTAGGTGGAATAG,species2
ACTAGGTGGGTAAA,species2
ACTATCACAGCCAT,species2
ACTATCACGGTAGG,species1
ACTCAGGAGGTCTA,species2
ACTCAGGATTCTGT,species2
ACTCCCGACCTATT,species2
ACTCCCGAGAAACA,species2
ACTCCTCTCTATGG,species1
ACTCCTCTGACGTT,species2
ACTCGAGAAACTGC,species2
ACTCGCACGCTGAT,species2
ACTCGCACGGACAG,species2
ACTCGCACTGCAAC,species2
ACTCGCACTTTCTG,species2
ACTCTATGCTATTC,species1
ACTCTATGGAACTC,species2
ACTCTATGTGCAGT,species1
ACTCTCCTCGCTAA,species2
ACTGAGACACACAC,species2
ACTGAGACTACTTC,species2
ACTGCCACAAGCAA,species1
ACTGCCACCATGAC,species2
ACTGCCACTCTCAT,species2
ACTGCCTGATCTTC,species2
ACTGTGGAGCGTTA,species1
ACTGTGGAGTCAAC,species1
ACTGTGGATTCCAT,species2
ACTGTTACGACTAC,species2
ACTTAAGATCTCTA,species1
ACTTAGCTATACCG,species1
ACTTAGCTCAAGCT,species2
ACTTCAACGAGCAG,species2
ACTTCAACGATAAG,species2
ACTTCAACGTACAC,species1
ACTTCAACTGATGC,species2
ACTTCAACTTCTAC,species1
ACTTCCCTAAAGCA,species2
ACTTCTGAACCGAT,species1
ACTTCTGATCTCCG,species2
ACTTGACTATCGGT,species2
ACTTGACTGAAACA,species1
ACTTGGGAGCTGTA,species1
ACTTGGGAGTTCTT,species2
ACTTGTACCCTACC,species1
ACTTGTACCGTACA,species2
ACTTTGTGCAGCTA,species2
ACTTTGTGGATAGA,species1
ACTTTGTGTCTTTG,species2
AGAAACGAAAACGA,species1
AGAAACGACCTCCA,species1
AGAAACGACTAGTG,species1
AGAAAGTGACACGT,species2
AGAAAGTGACTAGC,species1
AGAAAGTGGCGATT,species1
AGAAAGTGGTCCTC,species2
AGAAAGTGTAACGC,species2
AGAAAGTGTGCATG,species1
AGAACAGAGGGTGA,species2
AGAACAGATCTGGA,species2
AGAACAGATTTGGG,species1
AGAACGCTTGCAAC,species1
AGAAGATGTTGGTG,species2
AGAATACTAGGAGC,species2
AGAATACTCAGTCA,species1
AGAATACTCCACCT,species2
AGAATACTCCCTTG,species2
AGAATGGATTCTTG,species1
AGAATTTGAAAAGC,species1
AGAATTTGAGTCAC,species1
AGAATTTGCGAGAG,species2
AGAATTTGTGCCTC,species2
AGACACACACGCAT,species2
AGACACACATCGAC,species1
AGACACACCGATAC,species2
AGACACACGCTTCC,species2
AGACACACGTGCTA,species1
AGACACTGCCGAAT,species1
AGACACTGTCAGTG,species1
AGACACTGTGGATC,species1
AGACCTGACAATCG,species1
AGACGTACTGCTGA,species2
AGACGTACTGTTTC,species2
AGACTCGATGATGC,species2
AGACTGACAAGTAG,species1
AGACTTCTCCTGTC,species1
AGAGAAACACGGAG,species2
AGAGAAACCGGAGA,species1
AGAGAAACCGTAGT,species1
AGAGAAACGAACCT,species2
AGAGAAACGTTGCA,species2
AGAGAATGCTTGTT,species2
AGAGAATGTACTGG,species1
AGAGATGAACGGTT,species2
AGAGCGGAGCTATG,species2
AGAGCTACACGGAG,species2
AGAGCTACCGTCTC,species1
AGAGCTACTGCATG,species1
AGAGGTCTCGAATC,species1
AGAGGTCTCGTGTA,species1
AGAGGTCTTCCTCG,species1
AGAGTCACACGGGA,species2
AGAGTCACGGCGAA,species2
AGAGTCTGAACCGT,species2
AGAGTGCTCTTGTT,species1
AGATATACGAACCT,species1
AGATATTGCACACA,species2
AGATCGTGAGAGTA,species1
AGATCGTGCCGTTC,species1
AGATCGTGGGGAGT,species2
AGATCTCTGGTATC,species1
AGATCTCTTCCAGA,species2
AGATTAACACCACA,species2
AGATTAACTAGCGT,species2
AGATTAACTCGTAG,species2
AGATTCCTAAGGTA,species1
AGATTCCTTCCAGA,species2
AGATTCCTTGCAGT,species1
AGCAAAGAGCGAGA,species2
AGCAAGCTGGACTT,species2
AGCAAGCTTGGATC,species2
AGCACAACCGAACT,species1
AGCACTGAATTTCC,species2
AGCACTGATGGAGG,species2
AGCATCGAAAAACG,species1
AGCATCGAACTCAG,species1
AGCATCGAGTTGCA,species2
AGCATGACCCCTAC,species2
AGCATGACCGGTAT,species1
AGCATGACCGTCTC,species1
AGCATGACTCGTAG,species2
AGCATGACTCTCCG,species2
AGCATTCTACTGGT,species2
AGCATTCTCCTCGT,species1
AGCCAATGATCTCT,species2
AGCCAATGTACTCT,species1
AGCCACCTACTCAG,species2
AGCCACCTGTATGC,species1
AGCCACCTTCTCAT,species1
AGCCGGACAGGTTC,species2
AGCCGGACGCGTTA,species1
AGCCGGACTCTCCG,species2
AGCCGGTGAAGTAG,species2
AGCCGGTGACCTTT,species2
AGCCGTCTGTTGCA,species2
AGCCGTCTTGCCTC,species2
AGCCTCACAGGAGC,species1
AGCCTCACTACTGG,species1
AGCCTCACTCCTAT,species2
AGCCTCTGTTACCT,species1
AGCGAACTAGAATG,species2
AGCGAACTCTAGTG,species1
AGCGAACTGGACGA,species1
AGCGAACTTAAGGA,species1
AGCGATACCAAAGA,species1
AGCGATACGCTTAG,species1
AGCGATACTCTCTA,species1
AGCGCCGAAACGTC,species1
AGCGCCGAAGTGTC,species2
AGCGCTCTCCTCGT,species2
AGCGGCACACTCAG,species1
AGCGGCACGGTATC,species2
AGCGGCTGCCAACA,species1
AGCGGCTGGGACGA,species2
AGCGGCTGTGGATC,species1
AGCGGGCTCTAGAC,species1
AGCGGGCTCTTTAC,species2
AGCGGGCTGGTACT,species2
AGCGGGCTTGTTTC,species1
AGCGTAACCTTGAG,species2
AGCTCGCTGTCAAC,species1
AGCTCGCTGTTTGG,species1
AGCTGCCTGACAAA,species2
AGCTGCCTTGACAC,species1
AGCTGCCTTTCGGA,species2
AGCTGCCTTTTCTG,species2
AGCTGTGAGAACCT,species2
AGCTGTGAGGAAGC,species1
AGCTTACTAGGCGA,species2
AGCTTTACCTCGCT,species2
AGCTTTACCTTCCG,species2
AGGAACCTCACTTT,species1
AGGAACCTCCATGA,species1
AGGAACCTGACAAA,species2
AGGAACCTGTTGCA,species2
AGGAACCTTTTGCT,species1
AGGAATGACTGATG,species1
AGGAATGAGTCTGA,species1
AGGACACTACCAAC,species1
AGGACACTCGTGAT,species1
AGGACACTGTCTAG,species2
AGGACTTGTATCTC,species2
AGGAGTCTAGCGTT,species1
AGGATAGAAACCGT,species2
AGGATAGACCGAAT,species2
AGGATAGACTAGTG,species1
AGGATGCTATTTCC,species1
AGGCAACTCCGAAT,species2
AGGCAACTGACGTT,species2
AGGCAACTTTCGTT,species1
AGGCAGGAAGGTCT,species1
AGGCCTCTCCCAAA,species1
AGGCCTCTGGTGTT,species2
AGGCTAACAGTGTC,species1
AGGCTAACCTCGAA,species1
AGGCTAACGTGTCA,species2
AGGGACGAAGCTAC,species1
AGGGAGTGAAGCCT,species1
AGGGAGTGCTCCAC,species1
AGGGAGTGTCGTTT,species2
AGGGCCACAAACAG,species2
AGGGCCACACGTGT,species2
AGGGCCTGTGTTCT,species2
AGGGCGCTTGATGC,species2
AGGGTGGAAGTTCG,species2
AGGGTGGACAGCTA,species2
AGGGTGGAGTTGGT,species2
AGGGTGGATCAGTG,species2
AGGGTGGATGATGC,species2
AGGGTGGATGCGTA,species2
AGGGTTTGCGTCTC,species1
AGGGTTTGTTCATC,species1
AGGTACACGGGATG,species1
AGGTACACTCTTTG,species2
AGGTACTGGCTTAG,species1
AGGTACTGTTGACG,species2
AGGTCATGCAGATC,species1
AGGTCATGCCGTTC,species2
AGGTCATGCTCTAT,species2
AGGTCTGAGTGCTA,species2
AGGTCTGATCAGGT,species2
AGGTGGGAACACAC,species2
AGGTGGGAATTGGC,species1
AGGTGGGACCCACT,species2
AGGTGGGACGTAGT,species1
AGGTGGGATCACCC,species1
AGGTGTTGGTTGGT,species1
AGGTGTTGTCATTC,species2
AGGTGTTGTCCCGT,species2
AGGTTCGAGCTGTA,species2
AGGTTGTGGGTGAG,species2
AGTAAGGAATGGTC,species2
AGTAAGGATGCTTT,species2
AGTAATACCCTGAA,species1
AGTAATACCGTAAC,species2
AGTAATACTCAGAC,species2
AGTAATTGAGATCC,species2
AGTACGTGTCTTTG,species2
AGTACGTGTTGGTG,species1
AGTACTCTCAAAGA,species1
AGTAGAGATTCTGT,species1
AGTAGGCTAGAATG,species2
AGTATAACCACACA,species2
AGTATAACCACTTT,species1
AGTATCCTCAAGCT,species2
AGTATCCTGAATCC,species2
AGTATCCTTGAACC,species2
AGTCACGAAGCATC,species1
AGTCACGAAGTGTC,species1
AGTCACGAATGACC,species2
AGTCACGAGGTACT,species1
AGTCACGATGTCCC,species2
AGTCCAGACCTAAG,species1
AGTCCAGATGTGAC,species2
AGTCGAACATCACG,species2
AGTCGCCTAGAACA,species1
AGTCGCCTAGAGTA,species2
AGTCGCCTTACGAC,species2
AGTCGCCTTTACCT,species1
AGTCTACTCAAGCT,species2
AGTCTACTCCGAAT,species2
AGTCTACTCTATTC,species1
AGTCTACTTGCTTT,species1
AGTCTTACCAGAAA,species1
AGTGACACCCTCGT,species2
AGTGACACTGTAGC,species1
AGTGACACTGTGGT,species2
AGTGCAACCGTACA,species2
AGTGCAACTGGAGG,species2
AGTGTGACAGCAAA,species2
AGTGTGACATCGGT,species2
AGTGTGACTGTCTT,species1
AGTGTTCTACCCTC,species2
AGTGTTCTTCCTCG,species1
AGTTAAACCATCAG,species2
AGTTAAACCGTACA,species2
AGTTAAACTGTCCC,species2
AGTTATGAGTCACA,species1
AGTTATGAGTCGTA,species2
AGTTATGAGTCTGA,species1
AGTTCTACGGGAGT,species1
AGTTCTTGTGCCCT,species2
AGTTGTCTAGGAGC,species2
AGTTGTCTCTTGTT,species1
AGTTTAGAGAACCT,species1
AGTTTAGAGCCATA,species2
AGTTTAGAGGTACT,species2
AGTTTCACCTTGAG,species2
AGTTTGCTTTTGTC,species1
ATAAACACAACCGT,species2
ATAAACACACCACA,species2
ATAAACACGGTTAC,species2
ATAAACACTATGGC,species2
ATAACATGAGTCTG,species1
ATAACATGCACCAA,species1
ATAACCCTGAATCC,species1
ATAACCCTTAGCCA,species2
ATAAGTACTGTCTT,species2
ATAAGTTGCGTTGA,species2
ATAAGTTGCTAGAC,species1
ATAAGTTGGCTATG,species2
ATAAGTTGTCACCC,species2
ATAATCGAACAGCT,species1
ATAATCGAGGCATT,species2
ATAATCGAGTAAAG,species2
ATAATCGAGTAGGG,species1
ATAATGACCCGTTC,species1
ATAATGACTGCAAC,species2
ATACAATGGGCAAG,species1
ATACAATGTCTTAC,species2
ATACACCTTCCTGC,species1
ATACCGGAGATGAA,species2
ATACCTACTGATGC,species2
ATACCTTGTGCCAA,species1
ATACGGACAAGCAA,species2
ATACGGACCTTGGA,species2
ATACGGACTTTGGG,species2
ATACTCTGGAACCT,species2
ATACTCTGGCCTTC,species1
ATACTCTGTCCAGA,species2
ATACTCTGTCCTTA,species1
ATAGAACTACCACA,species2
ATAGAACTCAGAGG,species1
ATAGAACTTTGTGG,species1
ATAGAACTTTTCAC,species1
ATAGATACCTGAGT,species1
ATAGATTGATCACG,species2
ATAGCCGAATGACC,species2
ATAGCGTGACACTG,species2
ATAGCGTGAGTCTG,species1
ATAGCGTGGGGATG,species1
ATAGCTCTAGATCC,species1
ATAGCTCTCCGTAA,species2
ATAGCTCTCGCTAA,species2
ATAGCTCTTCGCCT,species1
ATAGGAGATGCGTA,species2
ATAGGCTGCTGGTA,species1
ATAGTCCTCTGCAA,species1
ATAGTTGACAAAGA,species1
ATAGTTGACTTCTA,species2
ATAGTTGATCATTC,species2
ATAGTTGATCTCAT,species1
ATAGTTGATGCCTC,species1
ATATACGAGAACCT,species2
ATATACGAGTAGCT,species1
ATATACGAGTTCAG,species1
ATATACGATGAGGG,species1
ATATAGTGAGTACC,species1
ATATAGTGCGTTAG,species2
ATATAGTGTTTCGT,species1
ATATGAACGTGTCA,species2
ATATGAACTGGATC,species1
ATATGCCTCACACA,species1
ATATGCCTTCATTC,species2
ATATGCCTTCCGTC,species1
ATCAAATGTCAAGC,species2
ATCAACCTAACCGT,species1
ATCAACCTACCCTC,species1
ATCAACCTCCAACA,species2
ATCAACCTCCGCTT,species1
ATCAACCTGGTTAC,species1
ATCACACTCTATGG,species1
ATCACGGACTCTCG,species1
ATCACGGAGGTGAG,species1
ATCACGGATGAACC,species1
ATCACTACAGGAGC,species2
ATCACTACATCGAC,species1
ATCACTACCAGTTG,species1
ATCACTTGGCGATT,species1
ATCACTTGTATCTC,species1
ATCAGGTGGAAAGT,species1
ATCAGGTGGTACCA,species1
ATCATCTGAAGAGT,species2
ATCATCTGACCTGA,species2
ATCATCTGAGAAGT,species1
ATCATCTGCCGAAT,species2
ATCATCTGGAATAG,species2
ATCATCTGTGCTAG,species2
ATCATCTGTTCGGA,species2
ATCATGCTAAACAG,species1
ATCATGCTGCTTCC,species2
ATCCATACTAGTCG,species2
ATCCCGTGGTCCTC,species2
ATCCCGTGTTGGCA,species1
ATCCTAACAGGTTC,species1
ATCGACGAGAACCT,species2
ATCGACGAGAGGAC,species2
ATCGAGTGCTACTT,species1
ATCGCAGATCGCAA,species2
ATCGCCACAAGAGT,species1
ATCGCCACCCGCTT,species1
ATCGCCACTAGCGT,species1
ATCGCGCTACCGAT,species2
ATCGCGCTCATTTC,species1
ATCGCGCTGCTGAT,species1
ATCGGAACATGTCG,species2
ATCGGAACGCCCTT,species1
ATCGGTGAAAGTAG,species2
ATCGGTGAGGTTAC,species1
ATCGGTGATCAAGC,species2
ATCGTTTGGGCAAG,species2
ATCTACACGCGATT,species2
ATCTACACTCCCAC,species1
ATCTACTGATCGTG,species1
ATCTGACTAAGCAA,species1
ATCTGACTGGAGCA,species2
ATCTGACTTAGAGA,species1
ATCTGACTTGCAGT,species1
ATCTGGGAACCCTC,species2
ATCTGGGACTTCTA,species2
ATCTGTTGAAGCAA,species2
ATCTGTTGCGACAT,species1
ATCTGTTGGCTTCC,species1
ATCTTGACAGTCGT,species2
ATCTTGACGTTTGG,species2
ATCTTGACTGACAC,species2
ATCTTTCTAAGTGA,species2
ATCTTTCTTGAGGG,species1
ATCTTTCTTGCAGT,species1
ATGAAACTCCATGA,species2
ATGAAACTCGGAGA,species1
ATGAAGGAACTACG,species2
ATGAAGGAGTTCTT,species2
ATGACGTGAAGGTA,species2
ATGACGTGTCAGTG,species2
ATGAGAGAGACGTT,species2
ATGAGAGAGCGTTA,species2
ATGAGCACAGATGA,species2
ATGAGCACCCCACT,species1
ATGAGCACCCGAAT,species2
ATGAGCACTCGTAG,species2
ATGATAACCGGAGA,species1
ATGATAACTGACCA,species2
ATGATATGGGAAAT,species2
ATGATATGTACTGG,species2
ATGCACGAGTGCAT,species1
ATGCAGTGGGACTT,species2
ATGCAGTGTTTGTC,species2
ATGCCAGAAGAGAT,species2
ATGCCAGAAGGTTC,species2
ATGCCAGACGTAAC,species1
ATGCCAGATACTGG,species1
ATGCCGCTCCCAAA,species2
ATGCCGCTCCGTTC,species2
ATGCCGCTTACGAC,species2
ATGCCGCTTATGGC,species2
ATGCGATGATCAGC,species2
ATGCGATGCCTTAT,species1
ATGCGATGTATGGC,species1
ATGCGATGTCTGGA,species1
ATGCGCCTGTTGAC,species1
ATGCTTTGACGGAG,species2
ATGCTTTGTCCTTA,species1
ATGGGTACGAGCTT,species1
ATGGGTACGTTGAC,species2
ATGGTGACACCATG,species1
ATGGTGACGAATAG,species2
ATGTAAACCGAGAG,species2
ATGTAAACTTTACC,species2
ATGTACCTCTATTC,species2
ATGTACCTGCTTAG,species2
ATGTCACTCACTAG,species1
ATGTCGGAACACCA,species2
ATGTCGGAAGAATG,species1
ATGTCGGACTGTGA,species2
ATGTCGGATAGAGA,species1
ATGTCGGATGACTG,species1
ATGTTAGACCTCGT,species1
ATGTTAGACTCGAA,species1
ATGTTAGAGTGTAC,species2
ATGTTCACAACCTG,species1
ATGTTCACCTCAGA,species2
ATGTTCACGTGTCA,species2
ATGTTGCTATCACG,species1
ATGTTGCTCTCATT,species1
ATTAACGAATGTCG,species2
ATTAACGACAACCA,species1
ATTAACGAGAGCTT,species2
ATTAAGACCTACGA,species2
ATTAAGACGAGATA,species2
ATTAAGACTGAGGG,species1
ATTAAGACTTGGTG,species2
ATTACCACAAAACG,species2
ATTACCACACCGAT,species1
ATTACCACGCTCCT,species1
ATTACCTGACCCAA,species1
ATTACCTGCTCATT,species1
ATTACCTGCTGTTT,species2
ATTACCTGGTTCTT,species1
ATTACCTGTAACCG,species1
ATTAGATGACCAAC,species1
ATTAGATGCTACCC,species2
ATTAGATGTGAGAA,species1
ATTAGTGACATGAC,species1
ATTAGTGACATTGG,species2
ATTATGGACACTCC,species2
ATTATGGATTCTTG,species2
ATTCAAGAAAAGTG,species2
ATTCAAGACATTGG,species1
ATTCAAGATACGCA,species1
ATTCAAGATGCTAG,species1
ATTCAAGATGTGCA,species2
ATTCAAGATTCGCC,species1
ATTCAGCTACCCTC,species1
ATTCAGCTCTCTTA,species2
ATTCCAACAAGAAC,species1
ATTCCAACGCATAC,species2
ATTCCAACGTATCG,species2
ATTCCAACTGGTTG,species2
ATTCCATGAAGCCT,species2
ATTCCATGCACTAG,species2
ATTCGACTTCCGAA,species1
ATTCGACTTCTCGC,species2
ATTCGGGAACGGGA,species2
ATTCGGGACGGTAT,species1
ATTCGGGATCATTC,species2
ATTCGGGATGTGGT,species1
ATTCTGACAGAGGC,species2
ATTCTGACTGGCAT,species2
ATTCTTCTAGCTAC,species2
ATTCTTCTAGGGTG,species1
ATTCTTCTCTCCCA,species2
ATTCTTCTCTCTTA,species2
ATTCTTCTGATAGA,species1
ATTCTTCTTCCAAG,species1
ATTGAAACAACCGT,species2
ATTGAAACACGTAC,species2
ATTGAATGGCTAAC,species1
ATTGAATGGGGCAA,species1
ATTGAATGTGCAAC,species2
ATTGAATGTTCCGC,species2
ATTGATGAAAGAGT,species2
ATTGATGACAGTTG,species1
ATTGATGACGAGAG,species2
ATTGATGAGGTAAA,species1
ATTGCACTACACGT,species1
ATTGCACTAGTCGT,species2
ATTGCGGAAAAGTG,species1
ATTGCGGACTTAGG,species2
ATTGCGGAGTCTGA,species2
ATTGCGGATAGAAG,species2
ATTGCGGATTTCGT,species2
ATTGCTACATGCCA,species1
ATTGCTACCAGTCA,species1
ATTGCTACCTTGGA,species1
ATTGCTACGCTGTA,species2
ATTGCTACGTTCGA,species1
ATTGCTACTGACCA,species2
ATTGCTTGTTCACT,species1
ATTGGGTGCTAGTG,species2
ATTGGGTGGAAACA,species2
ATTGGGTGTTTGTC,species1
ATTGGTCTCTCGCT,species2
ATTGTAGAGCTCCT,species2
ATTGTAGAGGAGTG,species2
ATTGTCTGCGATAC,species2
ATTGTCTGCTGGTA,species2
ATTGTCTGTGAAGA,species2
ATTTAGGAACAGTC,species1
ATTTAGGAATGCCA,species1
ATTTAGGAGTAGGG,species1
ATTTCCGACAGTCA,species2
ATTTCCGACTACCC,species2
ATTTCCGACTACTT,species1
ATTTCCGATGCTCC,species1
ATTTCGTGTGTGAC,species2
ATTTCTCTCAACCA,species2
ATTTCTCTCACTAG,species2
ATTTGCACCAAAGA,species1
ATTTGCACGCGAGA,species2
ATTTGCACTTGGCA,species2
CAAACTCTGTGCTA,species1
CAAAGCACATTTCC,species2
CAAAGCACCTTCTA,species2
CAAAGCACTCTGGA,species1
CAAAGCTGATCGGT,species1
CAAAGCTGCACTTT,species1
CAAAGCTGTACTTC,species2
CAAATATGAACCAC,species1
CAAATATGTGGGAG,species2
CAAATTGATCTCTA,species1
CAACAGACGAGCTT,species2
CAACCAGAGTCCTC,species2
CAACCGCTAGAGAT,species2
CAACCGCTCTGTTT,species1
CAACCGCTGGGACA,species2
CAACGAACCTGAAC,species1
CAACGATGAACCTG,species2
CAACGATGCGTGTA,species1
CAACGTGAACCCTC,species1
CAACGTGACCGTTC,species1
CAACGTGACTACCC,species1
CAACGTGAGAAAGT,species2
CAACGTGAGTTCAG,species2
CAACTTTGGGCATT,species2
CAAGAAGACCAGTA,species2
CAAGACACACTAGC,species2
CAAGACACCACTCC,species1
CAAGACACTCGCCT,species2
CAAGACACTTTGGG,species1
CAAGACTGCAAAGA,species2
CAAGACTGCTGTTT,species1
CAAGACTGCTTCGC,species1
CAAGACTGGACACT,species2
CAAGCATGAGCTAC,species1
CAAGCATGCAGATC,species1
CAAGCATGGACGAG,species2
CAAGCCCTAGCACT,species1
CAAGCTGACAGTTG,species1
CAAGCTGACGGGAA,species2
CAAGCTGATCTTAC,species2
CAAGGACTAGGGTG,species2
CAAGGACTTACTCT,species1
CAAGGTTGTCCCAC,species1
CAAGGTTGTGTGCA,species1
CAAGTCGAGCTGAT,species1
CAAGTCGATCGTAG,species2
CAAGTCGATCTACT,species1
CAAGTCGATTGGTG,species1
CAATAAACCATTTC,species1
CAATAAACGTTCAG,species1
CAATAAACTACTCT,species2
CAATAATGTCCTCG,species2
CAATAATGTGAGAA,species1
CAATCGGACTTCTA,species1
CAATCTACAAGAGT,species2
CAATCTACAGCTAC,species2
CAATCTACCGATAC,species1
CAATTCACAAAAGC,species2
CAATTCACGACAGG,species2
CAATTCACTATTCC,species1
CACAACGAAACCTG,species2
CACAACGACCAGTA,species2
CACAACGACGACAT,species1
CACAATCTCAACTG,species2
CACAATCTGAAAGT,species2
CACAATCTTTCGTT,species2
CACACCTGGCTAAC,species1
CACACCTGTCTACT,species2
CACAGAACGACGAG,species1
CACAGCCTACTTTC,species1
CACAGTGACCTCCA,species2
CACAGTGAGAATGA,species2
CACAGTGAGTCTGA,species2
CACATACTCGGAGA,species2
CACATACTCTGCAA,species1
CACATACTTCGACA,species2
CACATACTTGACTG,species2
CACATGGAGGTCTA,species2
CACATGGAGTGCTA,species2
CACCACTGCACAAC,species2
CACCACTGCGTACA,species1
CACCCATGGTACCA,species2
CACCCATGTCTTCA,species1
CACCGTACATTCCT,species1
CACCGTACCTCAAG,species2
CACCGTACGTGAGG,species2
CACCGTTGAGCACT,species1
CACCGTTGTAGAGA,species1
CACCGTTGTGAGGG,species1
CACCGTTGTTACTC,species2
CACCTGACACGGTT,species1
CACCTGACAGATGA,species1
CACCTGACCATTCT,species2
CACCTGACGAACTC,species1
CACCTGACTGATGC,species2
CACGAAACACCCTC,species2
CACGACCTACCATG,species2
CACGATGACGAGTT,species1
CACGGGACGAGGTG,species2
CACGGGACGTTGTG,species2
CACGGGACTGCTGA,species2
CACGGGACTTCCAT,species2
CACGGGTGTTATCC,species1
CACTAACTAGGTCT,species1
CACTAACTGACGTT,species2
CACTAACTTGTGGT,species2
CACTAACTTTGACG,species2
CACTAGGAAATGCC,species2
CACTAGGAAGTGTC,species1
CACTAGGAGCCTTC,species2
CACTCTCTGTTGAC,species2
CACTCTCTTGTAGC,species2
CACTGAGACGAGTT,species1
CACTGAGATATGGC,species1
CACTGAGATCTAGG,species2
CACTGCACTAACCG,species2
CACTGCACTTCCAT,species1
CACTGCTGGATAAG,species1
CACTGCTGGGAGTG,species2
CACTGCTGGTACCA,species2
CACTGCTGTCGCAA,species1
CACTTAACCTGAGT,species2
CACTTAACGCCTTC,species2
CACTTATGACTTTC,species1
CACTTATGTGCGTA,species2
CAGAAGCTACTCAG,species1
CAGAAGCTCTCAGA,species2
CAGAAGCTGCAGTT,species2
CAGAAGCTTGTGAC,species1
CAGACAACAACCAC,species2
CAGACAACACTCTT,species2
CAGACAACGCATAC,species2
CAGACATGGGATTC,species2
CAGACATGTGGTCA,species1
CAGACCCTCCATGA,species2
CAGACCCTCGACTA,species2
CAGACTGACGAACT,species2
CAGACTGAGGACTT,species1
CAGACTGATGAGGG,species1
CAGACTGATTCACT,species1
CAGAGGGACTTATC,species1
CAGATCGAAGAACA,species2
CAGATCGATTTGGG,species1
CAGATGACACCGAT,species2
CAGATGACCTTGCC,species2
CAGCAATGGACTAC,species1
CAGCAATGTTAGGC,species2
CAGCAATGTTGACG,species2
CAGCACCTACCAAC,species1
CAGCACCTACTTTC,species2
CAGCACCTGTTTGG,species2
CAGCACCTTCTCGC,species1
CAGCATGAACCACA,species1
CAGCATGAACTCAG,species2
CAGCATGAAGAACA,species2
CAGCATGAGACGGA,species1
CAGCATGATACAGC,species2
CAGCCTACAAACAG,species1
CAGCCTACTAGTCG,species1
CAGCCTTGCTACTT,species1
CAGCCTTGGGTCTA,species1
CAGCGGACGAACCT,species2
CAGCGGACGCGGAA,species2
CAGCTAGACAGCTA,species1
CAGCTAGACTGAAC,species1
CAGCTCACAAAACG,species2
CAGCTCACGCCCTT,species2
CAGCTCACGTGTTG,species2
CAGCTCACGTTCTT,species1
CAGCTCACTGCATG,species2
CAGCTCACTGTCAG,species2
CAGCTCTGGCCATA,species1
CAGCTCTGGGCATT,species1
CAGCTCTGGGTTAC,species2
CAGCTCTGTTGAGC,species2
CAGGAACTCCGCTT,species2
CAGGGCACGACGAG,species1
CAGGGCACTGGTTG,species1
CAGGTATGAAACGA,species1
CAGGTATGGCCTTC,species2
CAGGTATGGTGCTA,species2
CAGGTATGGTTAGC,species1
CAGGTATGTTGCAG,species2
CAGGTTGAACACGT,species1
CAGGTTGACCTCAC,species2
CAGGTTGAGTTTCT,species2
CAGTCAGAATGTGC,species2
CAGTCAGACATACG,species2
CAGTCAGATCATTC,species1
CAGTGATGACACTG,species2
CAGTGATGCGAGAG,species2
CAGTGATGCGATAC,species1
CAGTGATGGTTACG,species1
CAGTGATGTCTTTG,species2
CAGTGATGTGTTTC,species2
CAGTGTGATGACTG,species2
CAGTGTGATGGTGT,species2
CAGTTACTCTAAGC,species2
CAGTTACTGCATCA,species1
CAGTTGGATACGCA,species2
CAGTTTACCCCAAA,species1
CAGTTTACGGAGCA,species1
CAGTTTACGGGCAA,species2
CATAAAACCAGATC,species1
CATAAATGGCAGAG,species1
CATAAATGTCGCAA,species2
CATAACCTAATCGC,species2
CATAACCTAGTGTC,species1
CATAACCTTCTATC,species1
CATAACCTTGACAC,species2
CATAGTCTAGCTAC,species1
CATAGTCTCCATGA,species2
CATATAGATGTTTC,species1
CATCAACTCCCTTG,species1
CATCAACTTCCCAC,species1
CATCAGGAACGGAG,species2
CATCAGGACAGTTG,species2
CATCAGGATCGTTT,species1
CATCAGGATTCTTG,species1
CATCATACTTGCAG,species2
CATCCCGAAACGAA,species2
CATCCCGAGTTACG,species1
CATCCCGATAACGC,species2
CATCCCGATGTGAC,species1
CATCGGCTACCACA,species1
CATCGGCTAGAACA,species2
CATCGGCTGAACCT,species1
CATCGGCTTCAAGC,species1
CATCTCCTGGTAAA,species1
CATCTCCTTCTACT,species1
CATCTTGAGTACCA,species2
CATCTTGATCACGA,species1
CATCTTGATCGTAG,species1
CATGAGACAGACTC,species2
CATGAGACGGTGAG,species1
CATGAGACTATCTC,species1
CATGCCACGGAACG,species1
CATGCCACTTCCGC,species1
CATGCGCTAGAGTA,species1
CATGCGCTCCCTCA,species2
CATGCGCTGTTACG,species1
CATGGATGCCCAAA,species2
CATGGATGTGCGTA,species1
CATGGCCTCTTCCG,species2
CATGGCCTGGTCAT,species2
CATGGCCTGGTTTG,species2
CATGGCCTTTACTC,species2
CATGTACTTCGACA,species2
CATGTTACCCGCTT,species1
CATGTTACGGACTT,species1
CATGTTTGACGTAC,species2
CATGTTTGTTACCT,species1
CATTACACAGTACC,species1
CATTACACGACACT,species1
CATTACACGGTTAC,species2
CATTACACTAACCG,species1
CATTAGCTAGAGTA,species2
CATTAGCTGTGTTG,species2
CATTGACTAGCCTA,species1
CATTGGGACTGCTC,species2
CATTGTACATGTCG,species2
CATTGTACCATGGT,species2
CATTGTACGCCCTT,species2
CATTGTACGGGCAA,species1
CATTGTACTGGAGG,species2
CATTGTACTTCTAC,species1
CATTGTTGAGGAGC,species2
CATTGTTGGTAAAG,species1
CATTTCGAAGCTAC,species2
CATTTGACGGTTTG,species2
CATTTGTGAGTCAC,species1
CATTTGTGCATGCA,species2
CATTTGTGCTAGCA,species1
CATTTGTGGTCGTA,species2
CCAAAGTGATTTCC,species1
CCAAAGTGTCCTAT,species1
CCAACCTGCACACA,species1
CCAACCTGGGGAGT,species2
CCAACCTGTAGCGT,species2
CCAACCTGTCTAGG,species1
CCAAGAACTGTCTT,species1
CCAAGATGTGTCGA,species2
CCAAGTGATCGCTC,species2
CCAAGTGATTGCTT,species1
CCAATGGACTTCTA,species2
CCAATGGAGGTAAA,species2
CCAATTTGCGGAGA,species1
CCAATTTGCTGAAC,species1
CCACCATGCATACG,species2
CCACCATGGACACT,species2
CCACCATGTCCAGA,species1
CCACCATGTGCGTA,species2
CCACCTGAGCGAGA,species2
CCACGGGAGGAAGC,species1
CCACTGACCCCGTT,species1
CCACTGACGGACTT,species2
CCACTGTGCGAGTT,species2
CCACTTCTTCCTGC,species1
CCAGAAACCCCTTG,species2
CCAGAAACTGGTGT,species2
CCAGAAACTGTAGC,species1
CCAGACCTTACAGC,species2
CCAGCACTACCCTC,species1
CCAGCACTCATGCA,species2
CCAGCTACTACAGC,species2
CCAGGTCTAGCATC,species1
CCAGGTCTGCTATG,species1
CCAGTCACAGTCTG,species2
CCAGTCACCCCAAA,species1
CCAGTCACTACTGG,species2
CCAGTCTGGTTCGA,species2
CCAGTCTGTTCCCG,species1
CCAGTGCTCTTGTT,species2
CCAGTGCTGAGCAG,species1
CCAGTGCTTCACCC,species2
CCATAGGACGTAAC,species1
CCATAGGATCGACA,species1
CCATATACATGTGC,species1
CCATCCGATGCAGT,species1
CCATCCGATGGGAG,species2
CCATCGTGCGGAGA,species1
CCATGCTGCTTGCC,species1
CCATTAACTTACTC,species1
CCCAAAGACCCACT,species1
CCCAACACACCTGA,species1
CCCAACACCTACTT,species2
CCCAACTGCACAAC,species2
CCCAACTGGATGAA,species2
CCCAACTGGTTAGC,species1
CCCAGACTGAACTC,species2
CCCAGACTGCCATA,species2
CCCAGTTGAAAAGC,species1
CCCAGTTGTTCAGG,species2
CCCATCGACCAATG,species1
CCCATCGACTACGA,species2
CCCATCGAGGGAGT,species1
CCCATCGATGTTCT,species1
CCCATGTGCGAGTT,species2
CCCATGTGCTACTT,species1
CCCATGTGCTCGCT,species1
CCCATGTGGACGTT,species2
CCCATGTGTCTTTG,species1
CCCATGTGTTCTAC,species1
CCCGAACTGGAACG,species1
CCCGAACTGTTTCT,species2
CCCGAACTTTGCAG,species1
CCCGATTGCTCGCT,species1
CCCGATTGGTATGC,species2
CCCGGAGAACGACT,species2
CCCGGAGACGTAGT,species2
CCCGGAGACTTCTA,species2
CCCGGAGATGTCCC,species2
CCCTACGATGATGC,species2
CCCTAGTGACCTAG,species2
CCCTAGTGATGCTG,species2
CCCTAGTGGATACC,species1
CCCTCAGAAACCAC,species1
CCCTCAGAAAGCCT,species2
CCCTCAGAAAGGGC,species1
CCCTCAGACATGGT,species1
CCCTCAGAGTTGGT,species1
CCCTGAACATAAGG,species1
CCCTGATGAAGGGC,species2
CCCTGATGACACGT,species1
CCCTGATGGTTTCT,species1
CCGAAAACCCCGTT,species2
CCGAAAACTTACTC,species2
CCGACACTGCGTAT,species2
CCGACTACGTCATG,species1
CCGATAGAAACCTG,species1
CCGATAGACATTCT,species1
CCGATAGACTTGCC,species2
CCGATAGATCGCCT,species2
CCGCGAGAAACGAA,species2
CCGCGAGATTCCCG,species1
CCGCTATGACGGTT,species2
CCGCTATGCCACAA,species2
CCGCTATGGTTAGC,species1
CCGCTATGTACTGG,species2
CCGGAGTGCAGAAA,species1
CCGGAGTGCTAGCA,species1
CCGGAGTGGAGGAC,species1
CCGGAGTGGGACTT,species2
CCGGAGTGTGAAGA,species2
CCGGAGTGTTTACC,species2
CCGGTACTAGCAAA,species2
CCGTAAGACCCTAC,species2
CCGTAAGAGTGAGG,species1
CCGTACACCGTCTC,species1
CCGTACACTTATCC,species1
CCTAAACTGAGATA,species2
CCTAAGGACGATAC,species2
CCTAAGGAGAACTC,species2
CCTAAGGAGTAAGA,species2
CCTACCGACATGCA,species2
CCTATAACGCTAAC,species2
CCTATTGACACACA,species1
CCTATTGAGCATCA,species2
CCTCATCTCACTTT,species2
CCTCATCTCTTGCC,species2
CCTCATCTTCGATG,species1
CCTCGAACAGAAGT,species1
CCTCGAACGAGGAC,species1
CCTCGAACTAAGGA,species2
CCTCTACTCGATAC,species1
CCTCTACTGTTTGG,species1
CCTGACTGCCCTTG,species2
CCTGAGCTAGTCAC,species1
CCTGAGCTGGAGTG,species1
CCTGAGCTTCCAGA,species2
CCTGCAACCTACTT,species1
CCTGGACTAGGTTC,species2
CCTGGACTGTTCAG,species2
CCTGGACTTACAGC,species1
CCTTAATGCTCAGA,species1
CCTTAATGGCTATG,species2
CCTTAATGGTAAAG,species2
CCTTAATGTGACAC,species2
CCTTCACTATTCGG,species2
CCTTCACTCAGGAG,species1
CCTTCACTTTTACC,species2
CCTTTAGAAAGGTA,species1
CGAACATGACGCAT,species1
CGAACATGCCTTTA,species1
CGAACATGGACAGG,species1
CGAACATGGGTAGG,species1
CGAACATGTTCTCA,species1
CGAAGACTCAAGCT,species1
CGAAGACTCTGAAC,species2
CGAAGACTGACGAG,species2
CGAAGACTGTTGTG,species2
CGAAGACTTACTCT,species2
CGAAGACTTCGCTC,species1
CGAAGGGAAGTAGA,species2
CGAAGGGAATCTTC,species2
CGAAGGGAGGATCT,species1
CGAAGGGATAGCCA,species1
CGAAGTACCGTACA,species2
CGAATCGAAAGAAC,species2
CGAATCGACCCTCA,species2
CGAATCGAGCTATG,species1
CGAATCGATGTGCA,species1
CGACAAACCATACG,species2
CGACCACTGGTACT,species1
CGACCGGACCGCTT,species1
CGACCTACAAAAGC,species1
CGACCTACTGCAGT,species1
CGACCTTGATTCTC,species2
CGACCTTGGAAGGC,species1
CGACGTCTTCAAGC,species2
CGACGTCTTCACCC,species2
CGACTCACCCTATT,species2
CGACTCACGAGGCA,species1
CGACTCACGGTTTG,species1
CGACTGCTAGGAGC,species1
CGACTGCTAGTGTC,species1
CGACTGCTGTAGGG,species1
CGACTGCTTGAGGG,species2
CGAGAACTGACGGA,species1
CGAGAACTTATTCC,species2
CGAGAACTTGCGTA,species1
CGAGAACTTTTACC,species1
CGAGATTGCCCAAA,species1
CGAGATTGCTAGAC,species1
CGAGATTGTGGTCA,species1
CGAGCCGAAGTCAC,species1
CGAGCCGATTCAGG,species1
CGAGCGTGCCTAAG,species1
CGAGGAGAAGAAGT,species2
CGAGGAGACCAAGT,species1
CGAGGAGATTCTCA,species2
CGAGGCACATGCCA,species2
CGAGGCACCCATAG,species2
CGAGGCTGCATTGG,species2
CGAGGCTGTCGCCT,species1
CGAGGCTGTGCTGA,species1
CGAGGGCTCAAAGA,species1
CGAGGGCTGTCTAG,species2
CGAGTATGAGAACA,species1
CGAGTATGGGAAGC,species2
CGATACGAGCTACA,species1
CGATACGATCAAGC,species1
CGATACGATCTATC,species2
CGATAGACGTTACG,species1
CGATCAGAAGCAAA,species1
CGATCAGAAGCTAC,species2
CGATCCACGGTCTA,species2
CGCAACCTTTGAGC,species1
CGCACGGAAGAGGC,species2
CGCACGGAGCTAAC,species1
CGCACGGAGGGATG,species1
CGCACTACCTGACA,species2
CGCACTTGTTCTTG,species2
CGCAGGACCCACCT,species2
CGCAGGACTCGCCT,species2
CGCATAGAACCAAC,species1
CGCCATACACTCAG,species2
CGCCATACGCTACA,species2
CGCCATTGGCCATA,species2
CGCCATTGGTTGTG,species2
CGCCGAGAAGATGA,species1
CGCGAGACCATGGT,species1
CGCGAGACGGACTT,species2
CGCGAGACTCCCAC,species2
CGCGATCTTGAGCT,species2
CGCGGATGACCAGT,species2
CGCGGATGCCTTCG,species1
CGCGGATGGGCGAA,species2
CGCGGATGTGCCCT,species2
CGCTAAGAGGAACG,species1
CGCTACACGGAAGC,species1
CGCTACACTTATCC,species2
CGCTACACTTGTCT,species2
CGCTACTGAGCTCA,species1
CGCTACTGCCCAAA,species2
CGCTACTGTATGCG,species2
CGCTCATGCTCATT,species1
CGGAATTGGTAAGA,species1
CGGACCGATAAAGG,species1
CGGACCGATGCCTC,species2
CGGACCGATTCTCA,species2
CGGACTCTAGTACC,species1
CGGACTCTATCGTG,species2
CGGACTCTGTCACA,species2
CGGACTCTTTTGGG,species2
CGGATAACATTTCC,species1
CGGATAACGTCGTA,species2
CGGCACGAATCGAC,species2
CGGCACGACCTCGT,species1
CGGCACGATGGATC,species2
CGGCATCTCTTACT,species2
CGGCATCTGCAGTT,species2
CGGCATCTGCTTAG,species1
CGGCATCTTCGATG,species2
CGGCCAGAAGCCAT,species1
CGGCCAGAGTTCGA,species2
CGGCGAACCAAAGA,species1
CGGCGAACCCACAA,species2
CGGCGAACGTCTGA,species2
CGGCGATGCTCGAA,species1
CGGGACTGACCTTT,species1
CGGGACTGGCCTTC,species2
CGGGACTGTCTACT,species1
CGGGACTGTGTGGT,species2
CGGGCATGCCGATA,species2
CGGGCATGGGAAGC,species2
CGGGCATGGGTAAA,species2
CGGTAAACGGTGGA,species2
CGGTAAACTCACCC,species1
CGGTAAACTTACTC,species2
CGGTACCTTTTACC,species2
CGTAACGACCTTTA,species2
CGTAACGACGAGAG,species2
CGTAACGATGTAGC,species2
CGTACCACCTACCC,species2
CGTACCTGGCGAAG,species1
CGTAGCCTACAGTC,species1
CGTAGCCTAGCGGA,species1
CGTAGCCTCCTAAG,species1
CGTAGCCTTACTCT,species1
CGTCAAGACATACG,species1
CGTCAAGACTAGTG,species1
CGTCAAGAGTTCAG,species2
CGTCAAGATGGAAA,species2
CGTCCAACAAGATG,species1
CGTCCAACGGCATT,species2
CGTCCATGCGTTAG,species1
CGTCCATGTCTTCA,species2
CGTCCATGTGAAGA,species1
CGTCGACTGATAAG,species2
CGTGAAACTACGCA,species1
CGTGAATGAGCCTA,species1
CGTGAATGCCAACA,species1
CGTGAATGCTGTAG,species2
CGTGAATGTGGTCA,species2
CGTGATGACAAAGA,species2
CGTGATGACCATAG,species2
CGTGATGACTGAGT,species2
CGTGATGAGGGTGA,species1
CGTGCACTTGAAGA,species2
CGTTAGGACTCGAA,species2
CGTTATACGAGGAC,species2
CGTTATACGCTCCT,species2
CGTTATACGTAAAG,species1
CGTTTAACCAATCG,species1
CGTTTAACCATTCT,species2
CGTTTAACGGTATC,species1
CGTTTAACTTACTC,species2
CTAAACCTCGTAGT,species2
CTAACACTAAGCAA,species1
CTAACACTAGTAGA,species2
CTAACACTGTAGCT,species2
CTAACGGACAATCG,species1
CTAACGGACAGTTG,species1
CTAACGGACGACAT,species2
CTAACGGAGGAGTG,species1
CTAACGGAGTCGTA,species1
CTAACGGATGTTCT,species1
CTAACTACTAGCGT,species1
CTAAGGACGAAGGC,species2
CTAAGGACGGATTC,species1
CTAAGGTGACGACT,species1
CTAAGGTGCAGAGG,species2
CTAAGGTGCCTTTA,species2
CTAAGGTGCGTAAC,species2
CTAAGGTGGTCCTC,species1
CTAAGGTGGTGTTG,species1
CTAAGGTGTACGAC,species2
CTAATAGAAGCCAT,species2
CTAATAGAATCGGT,species2
CTAATAGATAGTCG,species1
CTAATGCTATTCTC,species1
CTAATGCTCAGTTG,species2
CTACAACTAACCAC,species2
CTACAACTTTCTAC,species1
CTACCTCTCGCAAT,species1
CTACCTCTTCACCC,species2
CTACGCACGAGACG,species2
CTACGCACTCGCAA,species2
CTACGGCTACTGTG,species2
CTACGGCTCGCATA,species1
CTACGGCTGGGTGA,species1
CTACTATGACGGAG,species1
CTACTATGCACAAC,species2
CTACTATGCATACG,species2
CTACTCCTATGACC,species1
CTACTCCTCTGAGT,species2
CTACTCCTTCTCAT,species2
CTAGAGACCCCGTT,species2
CTAGAGACCCTCAC,species1
CTAGAGACTATGGC,species2
CTAGAGACTCGTTT,species2
CTAGATCTGTACGT,species2
CTAGGATGCGAACT,species2
CTAGGATGCTTCTA,species1
CTAGGATGGGTGGA,species1
CTAGGATGTGTTCT,species1
CTAGGCCTAGAACA,species1
CTAGGCCTCGTGTA,species1
CTAGGTGAGGCATT,species1
CTAGGTGATTCTTG,species2
CTAGGTGATTTCAC,species2
CTAGTTACTTCATC,species2
CTAGTTTGACTGTG,species2
CTAGTTTGATTCCT,species2
CTATAAGAATTCCT,species2
CTATAAGAGAGGGT,species1
CTATACTGCGCTAA,species2
CTATACTGTCGCAA,species2
CTATAGCTTCCTTA,species1
CTATCATGGAACCT,species2
CTATCATGTTACTC,species2
CTATCCCTACTGTG,species2
CTATCCCTATTTCC,species1
CTATCCCTCCTAAG,species1
CTATCCCTGGCAAG,species2
CTATCCCTTGCAGT,species2
CTATGTACACTCAG,species2
CTATGTACAGCGGA,species2
CTATGTTGACCTCC,species1
CTATTGACGCTATG,species1
CTATTGACTTCATC,species2
CTATTGTGCATTGG,species2
CTCAATTGAAACAG,species2
CTCAATTGCTACGA,species2
CTCAATTGGACTAC,species2
CTCAATTGTGACAC,species1
CTCAGAGAGAGATA,species2
CTCAGCACCATGAC,species1
CTCAGCACTCGCCT,species2
CTCAGCTGAGCAAA,species1
CTCAGCTGTGTCGA,species2
CTCAGGCTGGTTTG,species1
CTCATTGACAGGAG,species2
CTCCACGACCTTCG,species1
CTCCATCTACAGCT,species2
CTCCATCTATCGTG,species1
CTCCATCTGCATCA,species1
CTCCATCTGTAGCT,species2
CTCCGAACATTCCT,species2
CTCCGAACGAATAG,species2
CTCCGAACGGGTGA,species2
CTCCGAACGTTCGA,species1
CTCCTACTCTGCAA,species2
CTCCTACTGTTACG,species1
CTCGAAGACTGCAA,species1
CTCGACACTCAAGC,species1
CTCGACACTGGTAC,species2
CTCGACTGACGGTT,species1
CTCGACTGACTGGT,species2
CTCGACTGTAACGC,species1
CTCGACTGTACTGG,species1
CTCGAGCTTGCGTA,species1
CTCGCATGCCTCCA,species2
CTCGCATGCTCTTA,species2
CTCGCATGGTCCTC,species1
CTCGCATGTGACAC,species1
CTCTAAACACGTAC,species1
CTCTAAACGACGTT,species1
CTCTAAACGTGAGG,species1
CTCTAATGTCTCAT,species1
CTGAACGAGTCACA,species1
CTGAACGAGTCTTT,species2
CTGAACGATAGACC,species1
CTGAAGACCCTATT,species1
CTGAAGACGAGCAG,species2
CTGAAGACGCTGAT,species1
CTGAAGACGTATCG,species1
CTGAAGTGACTACG,species1
CTGAAGTGCCAAGT,species1
CTGAAGTGGGTAGG,species2
CTGAAGTGTTATCC,species1
CTGAATCTGCAGTT,species2
CTGAATCTGGCATT,species1
CTGAATCTGGTCTA,species2
CTGACCACAAAACG,species2
CTGACCACACGCTA,species2
CTGACCACTCCCAC,species2
CTGAGAACCTATTC,species2
CTGAGCCTACCTAG,species1
CTGAGCCTGCGGAA,species2
CTGAGCCTGGTTCA,species1
CTGAGCCTTGGGAG,species1
CTGATGGAACGACT,species1
CTGATGGAAGGGTG,species1
CTGATGGACGTCTC,species2
CTGATGGAGGTCTA,species1
CTGATTTGTTCTGT,species2
CTGCAGCTGACAGG,species1
CTGCCAACGAACCT,species1
CTGCCAACTCCTTA,species2
CTGCGACTTTCTTG,species2
CTGGAAACAACTGC,species2
CTGGAAACCGGAGA,species1
CTGGAAACGCTGAT,species1
CTGGAAACGTTGGT,species1
CTGGATGAAGTAGA,species1
CTGGATGACACTGA,species2
CTGGCACTTGCTAG,species1
CTGTATACAGCATC,species1
CTGTATACCTGTGA,species1
CTTAAAGAACGACT,species1
CTTAAAGACAAGCT,species2
CTTAAAGAGTACCA,species2
CTTAAAGATAGAAG,species1
CTTAAAGATCCCGT,species1
CTTAAAGATGCAGT,species2
CTTAACACAATCGC,species2
CTTAACACATGTGC,species1
CTTAACACGCAGTT,species1
CTTAAGCTAGCCTA,species2
CTTAAGCTGCAGTT,species1
CTTACAACGGAGTG,species1
CTTACAACTAAGCC,species1
CTTACATGAAACGA,species2
CTTACTGATCTACT,species2
CTTAGACTACGCTA,species1
CTTAGACTATTTCC,species1
CTTAGACTTGCTCC,species1
CTTAGACTTGGGAG,species1
CTTATCGATGTTCT,species1
CTTCACCTGGGACA,species2
CTTCATGAATGACC,species2
CTTCATGATGGTCA,species2
CTTCTAGAACCAGT,species1
CTTCTAGAAGTCTG,species1
CTTCTAGACCGTTC,species2
CTTCTAGACTTGAG,species1
CTTCTAGAGCCAAT,species1
CTTGAACTACGACT,species2
CTTGAACTCATTGG,species1
CTTGAGGACAGAGG,species1
CTTGATTGGACACT,species2
CTTGATTGTCTCCG,species1
CTTGATTGTTCTAC,species1
CTTTACGAACGCAT,species2
CTTTACGACCGCTT,species1
CTTTAGACACGCTA,species2
CTTTAGACTCTCGC,species2
CTTTAGTGATCGTG,species2
CTTTCAGAATGACC,species1
CTTTCAGAGAGACG,species1
CTTTGATGGGCATT,species1
GAAACCTGCGTTGA,species2
GAAACCTGGTTAGC,species2
GAAAGATGACCTGA,species1
GAAAGATGCAACTG,species1
GAAAGATGCTCGAA,species2
GAAAGCCTTAAGCC,species1
GAAAGTGACTCCCA,species2
GAAATACTACCTGA,species1
GAAATACTGTTGCA,species2
GAACACACATTTCC,species2
GAACACACGCTACA,species2
GAACACACGGATCT,species2
GAACACACTGCTCC,species1
GAACAGCTAACCAC,species2
GAACAGCTCACCAA,species2
GAACAGCTGACAAA,species1
GAACCAACCCTCGT,species2
GAACGGGACCATGA,species1
GAACGTTGCGTTGA,species2
GAACGTTGCTCAGA,species2
GAACTGTGGGTAAA,species2
GAACTGTGGTTAGC,species2
GAAGATGAACAGCT,species2
GAAGATGAACCGAT,species2
GAAGCGGACTCTTA,species1
GAAGCGGAGGTCTA,species1
GAAGCTACGAATCC,species1
GAAGCTTGACTTTC,species1
GAAGCTTGGCTCCT,species2
GAAGCTTGTGCCCT,species2
GAAGGGTGACAGTC,species2
GAAGGGTGCACAAC,species2
GAAGGGTGCTACGA,species2
GAAGGGTGCTTAGG,species2
GAAGGGTGGTATCG,species1
GAAGGTCTACCCAA,species1
GAAGGTCTCAGATC,species2
GAAGGTCTCCCACT,species2
GAAGGTCTCTCAAG,species2
GAAGGTCTCTCAGA,species1
GAAGGTCTTCAAGC,species2
GAAGTAGACATCAG,species1
GAAGTAGACCCTTG,species1
GAAGTCACCGTACA,species2
GAAGTCACGGAAGC,species1
GAAGTCACGTTACG,species1
GAAGTCACTACGCA,species2
GAAGTCTGCACACA,species1
GAAGTCTGCGACAT,species2
GAAGTCTGGCCTTC,species1
GAAGTGCTGCCATA,species2
GAAGTGCTGGAGCA,species1
GAAGTGCTGGTAGG,species1
GAAGTGCTTCCGAA,species2
GAAGTGCTTGGAGG,species1
GAAGTGCTTTACTC,species1
GAATGCACACTACG,species1
GAATGCTGGGAGGT,species2
GAATGGCTAGGAGC,species2
GAATGGCTGGTAAA,species2
GACAACACAACGAA,species1
GACAACACACTACG,species2
GACAACACCCAAGT,species2
GACAACACCGATAC,species1
GACAACACGCGATT,species2
GACAACACGCGTAT,species2
GACAACACGGAGCA,species2
GACAACTGACGACT,species1
GACAACTGATTGGC,species1
GACAACTGCCACAA,species1
GACAACTGCGAGAG,species1
GACAACTGGTACCA,species2
GACACTGATTACTC,species2
GACAGGGAGCATCA,species2
GACAGGGAGGTCTA,species2
GACAGGGATGGAGG,species2
GACAGTACACCAAC,species1
GACAGTACGGCATT,species1
GACAGTACTAAAGG,species2
GACAGTTGACGCAT,species2
GACAGTTGCAGTTG,species1
GACAGTTGTCAGTG,species2
GACATTCTCGATAC,species1
GACATTCTGCCAAT,species1
GACATTCTTGAAGA,species2
GACATTCTTGCTCC,species2
GACCAAACACCACA,species1
GACCAAACCAACCA,species1
GACCAAACGGAAGC,species2
GACCAAACTACTCT,species1
GACCATGAAGGGTG,species1
GACCATGACCATAG,species2
GACCATGACCATGA,species1
GACCATGAGAAAGT,species1
GACCCTACACCAAC,species2
GACCCTACCTCTTA,species2
GACCCTACCTGTCC,species1
GACCCTACTTTGGG,species1
GACCTAGAAACTGC,species1
GACCTAGAAGCTAC,species1
GACCTCACCGTGAT,species1
GACCTCTGGCTAAC,species1
GACGAACTTAGTCG,species1
GACGATTGATGTGC,species2
GACGATTGTCCTGC,species1
GACGCCGACCAATG,species2
GACGCCGATTTCAC,species1
GACGCTCTCCTTCG,species1
GACGGCACGAATCC,species2
GACGTAACGCAGAG,species2
GACGTATGTTATCC,species1
GACGTCCTGAGAGC,species2
GACGTCCTGGAAGC,species1
GACTCCTGGGTCAT,species2
GACTGAACAGAGAT,species2
GACTGAACCTTCTA,species2
GACTGAACCTTTAC,species2
GACTGAACGATAGA,species1
GACTGATGATGCCA,species1
GACTGATGTCGCCT,species1
GACTTTACAAACAG,species1
GACTTTACACCAGT,species1
GAGAAATGAGCGTT,species1
GAGAAATGGAACTC,species1
GAGAAATGTAGAGA,species2
GAGAGGTGCGACTA,species2
GAGAGGTGGTGTCA,species1
GAGAGGTGTCGTGA,species2
GAGATCACATTGGC,species2
GAGATCACTCCTGC,species2
GAGATCACTGAGAA,species1
GAGATCACTGCCTC,species2
GAGATGCTCCGTTC,species1
GAGATGCTCGAGTT,species2
GAGCAGGACTCAAG,species2
GAGCAGGAGAGGCA,species2
GAGCAGGAGCGTTA,species2
GAGCGAGAGGACTT,species2
GAGCGCACAGAAGT,species2
GAGCGCACCTGTCC,species1
GAGCGCTGGGCAAG,species1
GAGCGCTGTGGTCA,species2
GAGCGGCTTGCTTT,species2
GAGCTCCTACCCTC,species1
GAGCTCCTGTCGAT,species2
GAGGATCTCTTCGC,species2
GAGGCAGACGTAAC,species2
GAGGCAGATGCTCC,species2
GAGGCCACGGAACG,species2
GAGGGAACATTCCT,species1
GAGGGAACTTCGTT,species2
GAGGGCCTACCCTC,species1
GAGGGTGAGAGGTG,species1
GAGGTACTATCACG,species1
GAGGTACTTAAGCC,species1
GAGGTACTTGTTTC,species2
GAGGTGGACTCTTA,species2
GAGGTGGATAGAAG,species2
GAGGTGGATCCTGC,species1
GAGGTGGATCTAGG,species2
GAGGTGGATGCTGA,species1
GAGGTTACATAAGG,species2
GAGGTTACCTGAAC,species1
GAGGTTACTACTCT,species1
GAGGTTACTCCCGT,species2
GAGGTTACTGCACA,species2
GAGGTTACTGCCCT,species1
GAGTAAGACGGGAA,species2
GAGTAAGATCATTC,species2
GAGTACACCCGCTT,species2
GAGTACACCCTCGT,species1
GAGTACACTCGATG,species1
GAGTACACTGCCCT,species1
GAGTACTGGGTTAC,species1
GAGTACTGTGCTTT,species1
GAGTCAACTTCACT,species1
GAGTCAACTTCGTT,species1
GAGTCTGAGTCGTA,species1
GAGTGACTGCCAAT,species2
GAGTGACTGGTGTT,species2
GAGTGGGAATTGGC,species2
GAGTGGGAGGATCT,species2
GAGTTGTGAAGAGT,species2
GAGTTGTGCCCTTG,species1
GAGTTGTGGAGCAG,species1
GATAAGGAACACCA,species1
GATAATACAGACTC,species2
GATAATACCTAGCA,species1
GATAATACTCCGTC,species2
GATACTCTTAACGC,species2
GATACTCTTCGATG,species1
GATAGAGAACGTTG,species2
GATAGAGAGTCACA,species1
GATAGCACCGTGAT,species2
GATAGCACGGGATG,species2
GATAGCACGGTCAT,species1
GATAGCACGGTTAC,species2
GATATATGACGCTA,species1
GATATATGATCTCT,species2
GATATATGGACTAC,species2
GATATATGGATAAG,species1
GATATCCTCACTAG,species1
GATATTGAAGTCAC,species1
GATATTGAGGCAAG,species2
GATATTGATCGATG,species1
GATATTGATGACCA,species2
GATATTGATGGCAT,species1
GATCATCTGTGCTA,species2
GATCATCTTTGGCA,species2
GATCCCTGTGCATG,species2
GATCCCTGTTGCGA,species1
GATCCGCTAAAACG,species1
GATCCGCTCAGAGG,species1
GATCGAACAAGTGA,species1
GATCGATGGGTCTA,species2
GATCGATGGTCACA,species2
GATCGTGAAGTGTC,species2
GATCTACTGAGGAC,species2
GATCTTACTACGCA,species2
GATCTTTGCGGTAT,species1
GATGACACAAAACG,species2
GATGACACGGACAG,species2
GATGCAACAGATGA,species1
GATGCAACCTAGAC,species1
GATGCAACCTTACT,species2
GATGCAACGTACAC,species2
GATGCATGAATGCC,species2
GATGCATGACTCTT,species1
GATGCATGAGTGCT,species2
GATGCATGGCCCTT,species2
GATGCCCTATAAGG,species2
GATGCCCTGAATCC,species2
GATGCCCTGCCAAT,species1
GATGCCCTGGAAAT,species1
GATTACCTGAGGTG,species1
GATTACCTGCCTTC,species1
GATTACCTTGAAGA,species1
GATTCGGAAGAACA,species1
GATTCGGATCACGA,species1
GATTCGGATGAAGA,species2
GATTCGGATTTCAC,species2
GATTCTACCCTCAC,species1
GATTCTACGGTGTT,species2
GATTCTTGAAGCCT,species2
GATTCTTGCACACA,species2
GATTCTTGCTGAGT,species1
GATTCTTGTGACAC,species2
GATTGGACATTCGG,species1
GATTGGACCGCCTT,species1
GATTGGACCTTAGG,species2
GATTGGACGCAGTT,species1
GATTGGACGTAAGA,species1
GATTGGACTTGACG,species2
GATTGGTGTCGCTC,species2
GATTGGTGTGCTCC,species1
GATTTGCTCCATAG,species1
GATTTGCTGGAAAT,species2
GCAACCCTCTTTAC,species1
GCAACCCTTACTCT,species1
GCAACCCTTTCCGC,species2
GCAACTGAGGGACA,species1
GCAAGACTAAGATG,species1
GCAAGACTCGCTAA,species2
GCAAGACTCTTGCC,species2
GCAAGACTGCGATT,species1
GCAAGACTTAAAGG,species1
GCAAGACTTGCATG,species1
GCAAGACTTTCACT,species2
GCAATCGATCCCGT,species2
GCAATCGATGTCTT,species1
GCAATTCTAACGAA,species1
GCAATTCTCCAATG,species2
GCAATTCTCGATAC,species1
GCAATTCTGCTAAC,species2
GCAATTCTTCTTAC,species1
GCACAAACTCTCTA,species1
GCACAATGAGTGTC,species1
GCACAATGGGGATG,species2
GCACACCTACACCA,species1
GCACACCTACGTAC,species1
GCACACCTCTTGGA,species1
GCACCACTCCATAG,species2
GCACCACTTAGCCA,species1
GCACCTACCAGCTA,species2
GCACCTACCCACAA,species1
GCACCTTGGAGGGT,species2
GCACGGACCAGGAG,species1
GCACGGACCGTGTA,species1
GCACGGACTCTACT,species2
GCACGGTGAAACGA,species2
GCACGGTGACGCTA,species1
GCACGGTGATTCCT,species2
GCACGGTGATTCGG,species2
GCACGGTGCAGGAG,species2
GCACGGTGCGCTAA,species2
GCACTAGACTTATC,species1
GCAGATACACACAC,species1
GCAGATACTGCTGA,species1
GCAGATACTTCTGT,species2
GCAGCCGACCGCTT,species2
GCAGCCGACGTTAG,species2
GCAGCCGATCGCAA,species1
GCAGCGTGTGGTGT,species2
GCAGCTCTGCTATG,species2
GCAGCTCTTTCCGC,species1
GCAGGCACGTCTTT,species1
GCAGGGCTTCCGAA,species1
GCAGGGCTTCGTTT,species1
GCAGGGCTTGGATC,species2
GCAGTCCTAAGCCT,species2
GCAGTCCTAGTGCT,species2
GCAGTTGAACTACG,species2
GCAGTTGACCACCT,species1
GCAGTTGACTTGAG,species1
GCATCAGACCTCGT,species2
GCATCAGAGAAACA,species2
GCATCAGATCGCCT,species2
GCATGATGAAGGGC,species2
GCATGATGACCTGA,species1
GCATGATGGCTACA,species2
GCATGTGAGCTGAT,species2
GCATGTGATGCATG,species1
GCATTGGAAGCTAC,species1
GCATTGGACATTCT,species1
GCATTGGAGGCAAG,species2
GCCAAAACACCAGT,species1
GCCAAAACATCGAC,species1
GCCAAAACCCAACA,species2
GCCAAAACGTCTGA,species1
GCCAAAACTCAGGT,species2
GCCAAAACTGATGC,species1
GCCAAATGGCCCTT,species2
GCCAAATGGGTTTG,species2
GCCAAATGTACGCA,species1
GCCAACCTCAACCA,species1
GCCAACCTTGGTTG,species2
GCCAACCTTGTGAC,species2
GCCACGGACTGTTT,species1
GCCACGGATAAGGA,species2
GCCACTACACGCAT,species1
GCCACTACTAACCG,species1
GCCATGCTCCGAAT,species2
GCCATGCTCCTGAA,species1
GCCATGCTCCTTCG,species1
GCCATGCTCTCGCT,species1
GCCCAACTCTAGAC,species2
GCCCAGGAGACTAC,species1
GCCCATACCCTCAC,species2
GCCCATACGCATAC,species2
GCCGACGAAAAGCA,species2
GCCGACGACCCACT,species2
GCCGAGTGCACTTT,species1
GCCGAGTGCCTCCA,species2
GCCGGAACCGGGAA,species2
GCCGTACTAGGTTC,species2
GCCGTACTCGCTAA,species2
GCCGTACTTGAGAA,species2
GCCGTACTTTTCAC,species1
GCCTACACATCACG,species1
GCCTACACGTTTGG,species2
GCCTAGCTACGGGA,species1
GCCTAGCTATCAGC,species2
GCCTAGCTCAAGCT,species2
GCCTAGCTGTGAGG,species1
GCCTCAACCGCAAT,species1
GCCTCATGATGTGC,species2
GCCTCATGCCTCGT,species1
GCCTCATGGCATCA,species2
GCCTCATGGGTAAA,species1
GCCTCATGTACTCT,species2
GCCTGACTAGCCTA,species2
GCGAAGGAGCGTTA,species1
GCGAGAGACATTGG,species1
GCGAGAGATGGTAC,species1
GCGAGCACATTCGG,species2
GCGAGCACTAGAAG,species1
GCGAGCACTGCATG,species1
GCGATATGCTGATG,species1
GCGATATGGACGTT,species2
GCGATATGGTCAAC,species2
GCGATATGGTGCTA,species1
GCGATATGTGTCCC,species1
GCGATATGTTCCAT,species1
GCGCACGAAAGAAC,species1
GCGCACGACTGATG,species1
GCGCACGATGCTCC,species1
GCGCATCTCGCAAT,species2
GCGCATCTGCCATA,species1
GCGCGAACGGTCTA,species1
GCGCGATGCCACCT,species2
GCGCGATGCCGTAA,species1
GCGCGATGCCTCAC,species2
GCGGACTGAACCGT,species2
GCGGACTGCCTTGC,species2
GCGGCAACGAACTC,species1
GCGGGACTCCTGAA,species1
GCGGGACTGTGTAC,species2
GCGGGACTGTTTGG,species1
GCGTAAACGGTTAC,species1
GCGTAAACTGGCAT,species1
GCGTAATGCTGCAA,species2
GCGTAATGGGGTGA,species2
GCGTAATGTCTTTG,species1
GCGTACCTATGTGC,species2
GCGTACCTCTGGTA,species2
GCGTACCTGACGAG,species2
GCGTACCTGGTTTG,species2
GCGTATGAAACTGC,species1
GCGTATGACAGAGG,species2
GCGTATGACCTTGC,species2
GCGTATGAGACAAA,species2
GCGTATGATTGCTT,species1
GCTACAGACACTAG,species2
GCTACAGATGTTTC,species2
GCTACAGATTGCGA,species1
GCTACCTGATGCCA,species1
GCTACCTGCTGTAG,species1
GCTACGCTGTGTAC,species1
GCTAGAACCATTCT,species1
GCTAGAACCCATAG,species2
GCTAGAACGAGCAG,species1
GCTAGAACGCGATT,species1
GCTAGATGACACCA,species2
GCTAGATGCCGATA,species2
GCTAGATGCGACAT,species2
GCTAGATGGGGTGA,species1
GCTAGATGTCTATC,species2
GCTATACTAAGGCG,species1
GCTATACTCACCAA,species2
GCTCAAGACGACTA,species2
GCTCAGCTCCATGA,species1
GCTCAGCTGGAGTG,species1
GCTCAGCTGTCAAC,species2
GCTCCATGTGTCCC,species2
GCTCGACTTTCGCC,species1
GCTGATGATGGTTG,species2
GCTGATGATTAGGC,species2
GCTTAACTCTTTAC,species2
GCTTAACTGAATAG,species1
GCTTAACTTGCTTT,species2
GCTTGAGATGCGTA,species2
GGAACACTCATGCA,species2
GGAACTTGAAGGGC,species2
GGAACTTGTCCTTA,species2
GGAAGGACCGTGTA,species2
GGAAGGACTCCTGC,species1
GGAAGGTGACAGCT,species2
GGAAGGTGACGTAC,species1
GGAAGGTGGTTACG,species1
GGAATCTGTACTGG,species2
GGAATGCTACGCAT,species1
GGAATGCTTATCGG,species2
GGACAACTCACCAA,species2
GGACAACTCCAACA,species2
GGACAACTCTGGAT,species2
GGACAGGAAGGTCT,species1
GGACAGGAAGTCGT,species1
GGACAGGACTCTCG,species2
GGACATTGCCTATT,species2
GGACCCGAAGTCAC,species1
GGACCCGACGGAGA,species1
GGACCGTGCGATAC,species2
GGACCGTGCTTATC,species1
GGACCGTGGACGGA,species2
GGACCTCTAACTGC,species2
GGACGAGAAGCGTT,species2
GGACGAGAGACAGG,species1
GGACGCACCACTAG,species1
GGACGCACCATGCA,species1
GGACGCACGCTGTA,species2
GGACGCACTCGTTT,species1
GGACGCTGACCTTT,species1
GGACGCTGATTCGG,species1
GGACGCTGGATAAG,species1
GGACGCTGGTCAAC,species2
GGACTATGATACCG,species1
GGACTATGCCTGTC,species1
GGACTATGTCCCAC,species1
GGACTATGTCTAGG,species2
GGAGACGAACACTG,species2
GGAGAGACAGATGA,species2
GGAGAGACGCAGTT,species2
GGAGCCACCATCAG,species1
GGAGCGCTACACAC,species2
GGAGCGCTCGACAT,species1
GGAGCGCTTGAGAA,species2
GGAGGCCTTCCTCG,species1
GGAGGCCTTCTACT,species2
GGAGGCCTTGCGTA,species1
GGAGGTGAGCGTAT,species1
GGAGTTACCATGGT,species1
GGAGTTACTATTCC,species1
GGAGTTACTCCTCG,species1
GGAGTTACTTCCGC,species1
GGAGTTTGAGTGCT,species2
GGAGTTTGCCCAAA,species2
GGATACTGAGCCTA,species2
GGATACTGGAGAGC,species2
GGATACTGTTGTCT,species1
GGATAGCTCAGATC,species2
GGATAGCTGAACCT,species1
GGATAGCTTCGACA,species2
GGATGTACGTGCAT,species1
GGATGTTGAACGAA,species2
GGATTGTGTCCTAT,species2
GGATTTCTTCCAGA,species1
GGCACTCTGGAAAT,species2
GGCACTCTGGAACG,species2
GGCACTCTGTTGGT,species2
GGCATATGCTGGAT,species2
GGCATATGGGTGAG,species2
GGCATATGGTTAGC,species1
GGCATATGTACTTC,species2
GGCATATGTTACTC,species1
GGCCACGAAGAACA,species1
GGCCACGACCGATA,species1
GGCCACGAGGTTAC,species2
GGCCAGACAAAACG,species1
GGCCAGACGTGCTA,species2
GGCCAGACTATGCG,species2
GGCCCAGAGCAGTT,species1
GGCCCAGATGCCTC,species2
GGCCGAACACGTGT,species1
GGCCGAACAGTAGA,species2
GGCCGAACGTCTTT,species2
GGCCGATGAAGCCT,species1
GGCCGATGATGACC,species2
GGCGCATGAGCATC,species2
GGCGCATGCGCTAA,species1
GGCGCATGCTCATT,species1
GGCGCATGGTTTGG,species1
GGCGGACTTCCTAT,species1
GGCGGACTTGATGC,species2
GGCTAAACATCAGC,species2
GGCTAAACGCCATA,species2
GGCTAATGAGAAGT,species1
GGCTAATGCTCTCG,species2
GGCTAATGGGAGCA,species1
GGCTAATGGTTGCA,species1
GGCTACCTGACGTT,species2
GGCTCACTCTCGCT,species2
GGGAACGACAAAGA,species1
GGGAAGACCGTGTA,species2
GGGAAGACGAAACA,species1
GGGAAGACGTCACA,species1
GGGAAGACTGAACC,species1
GGGAAGACTTCACT,species2
GGGAAGTGAAAACG,species1
GGGAAGTGATGTCG,species2
GGGAAGTGGGCAAG,species2
GGGAAGTGTAGAAG,species1
GGGAAGTGTCTATC,species1
GGGACCACCAGCTA,species2
GGGACCTGGTCAAC,species1
GGGACCTGTCGTAG,species2
GGGATGGACCGAAT,species1
GGGATGGACTGCTC,species2
GGGATTACCCGTAA,species1
GGGATTACGTAGCT,species1
GGGCAAGAATCGGT,species2
GGGCAAGACGAATC,species2
GGGCAAGACGACAT,species2
GGGCACACAGTACC,species2
GGGCACACTGTAGC,species2
GGGCAGCTCAGAAA,species1
GGGCAGCTCTCAGA,species1
GGGCAGCTCTCCAC,species2
GGGCAGCTTTCTTG,species2
GGGCCAACCAGTTG,species1
GGGCCAACCGTAGT,species2
GGGCCAACTACGCA,species2
GGGCCATGGGAGTG,species1
GGGCCATGGGCGAA,species2
GGGTAACTATCACG,species1
GGGTAACTCCTCAC,species2
GGGTAACTGTGTTG,species2
GGGTTATGCGGAGA,species2
GGGTTATGTAGAGA,species2
GGGTTATGTCGTGA,species2
GGGTTATGTTGTGG,species1
GGTAAAGACTGTCC,species1
GGTAAAGAGTTAGC,species1
GGTACAACACCCAA,species2
GGTACATGGCTGTA,species1
GGTACATGGGTTCA,species1
GGTACATGTCGTTT,species1
GGTACTGAAGCCAT,species2
GGTACTGAGGTTAC,species2
GGTACTGAGGTTTG,species2
GGTACTGATTCCCG,species2
GGTAGTACCTCGAA,species2
GGTAGTACTGTCTT,species2
GGTATCGATTTGTC,species1
GGTATGACACCCAA,species1
GGTATGACATCGAC,species1
GGTATGACCGTGAT,species1
GGTATGACGGTAAA,species2
GGTATGACTGGAAA,species1
GGTATGACTGTCGA,species2
GGTCAAACGGAAGC,species2
GGTCAAACTGTGGT,species2
GGTCTAGAACTAGC,species2
GGTCTAGATGGTCA,species2
GGTCTAGATGGTGT,species2
GGTGATACGACGAG,species2
GGTGGAGACTCAGA,species1
GGTTGAACGAAGGC,species1
GGTTTACTACCTCC,species2
GGTTTACTGGGATG,species1
GGTTTACTTCCGAA,species1
GTAACGTGACAGCT,species1
GTAACGTGACCTTT,species1
GTAACGTGCTTATC,species1
GTAACGTGGAAAGT,species2
GTAAGCACAAAAGC,species2
GTAAGCACATGGTC,species2
GTAAGCACGCATCA,species2
GTAAGCACTGACAC,species2
GTAAGCACTTCATC,species1
GTAAGCTGCCTGTC,species2
GTAAGCTGGAATCC,species2
GTAAGCTGGAGGTG,species1
GTAATAACACGGGA,species1
GTAATAACGAGGAC,species2
GTAATAACTGCCTC,species2
GTAATAACTGGAGG,species2
GTAATATGGTTGTG,species2
GTACCCTGGCTACA,species1
GTACGAACCACCAA,species2
GTACGAACCACTAG,species2
GTACGAACTGCCAA,species2
GTACGAACTGCTCC,species1
GTACTTTGAGTACC,species1
GTACTTTGCAGATC,species1
GTACTTTGGGACAG,species1
GTAGACTGCTCGCT,species2
GTAGACTGTCCCAC,species2
GTAGCAACGTGTTG,species2
GTAGCAACGTTTGG,species2
GTAGCAACTGACTG,species2
GTAGCAACTGGAAA,species2
GTAGCATGACAGCT,species2
GTAGCATGGAACCT,species2
GTAGCATGGCAGTT,species1
GTAGCATGTGGATC,species1
GTAGCCCTACAGCT,species1
GTAGCCCTACTCAG,species2
GTAGCCCTCTCCCA,species2
GTAGCCCTTATTCC,species2
GTAGCTGATTCATC,species2
GTAGGTACACTACG,species1
GTAGGTACCGTAGT,species2
GTAGGTACTCTGGA,species2
GTAGTCGAGGTTTG,species2
GTAGTCGAGTATCG,species1
GTAGTCGATGCTAG,species1
GTAGTCGATGTCAG,species2
GTAGTGACTCCAGA,species1
GTAGTGTGCACTGA,species2
GTAGTGTGGTCTAG,species1
GTATCACTAACGGG,species2
GTATCACTTCCTCG,species2
GTATCTACAGTACC,species2
GTATCTACTGAAGA,species1
GTATCTACTTACTC,species2
GTATGGTGAGATCC,species2
GTATGGTGCGTAAC,species1
GTATGGTGGTACGT,species1
GTATTAGATCGCCT,species1
GTATTCACATAAGG,species2
GTATTCACTCATTC,species1
GTCAACGACATTTC,species1
GTCAACGAGGATCT,species1
GTCAACGATGCAAC,species2
GTCACAGACCACCT,species1
GTCACAGATGTGCA,species2
GTCATACTATCGGT,species1
GTCATACTCAGTCA,species1
GTCCAAGATAAGGA,species2
GTCCAAGATTGTGG,species2
GTCCACACAGAACA,species2
GTCCACACCGTAAC,species1
GTCCACACCTTCGC,species2
GTCCACTGGGTCAT,species1
GTCCACTGTATTCC,species1
GTCCCATGCCAACA,species1
GTCCCATGTGTCAG,species2
GTCGAATGACACGT,species2
GTCGAATGATTGGC,species2
GTCGAATGTAAGGA,species2
GTCGAATGTGCTTT,species1
GTCGCACTATCGTG,species1
GTCTAGGAGGAGCA,species1
GTCTAGGAGGCATT,species1
GTCTAGGATCGTGA,species1
GTCTGAGACCAACA,species2
GTCTGAGAGGACTT,species2
GTGAACACAGCCTA,species2
GTGAACACGAGGTG,species1
GTGAGGGAAGGAGC,species2
GTGATCGAACGTAC,species2
GTGATCGAGAAGGC,species2
GTGATCGATCCCGT,species2
GTGCAAACAGCGGA,species1
GTGCAAACCCCACT,species2
GTGCAAACTGTTTC,species2
GTGCCACTATCGGT,species1
GTGCCACTCAACCA,species2
GTGCCACTGGTAAA,species2
GTGCCACTTACTCT,species1
GTGCTAGAAAGGGC,species2
GTGCTAGACTGATG,species1
GTGCTAGATGCAGT,species1
GTGCTAGATTCCCG,species1
GTGGAGGACACAAC,species2
GTGGAGGACTGTGA,species2
GTGGAGGACTGTTT,species1
GTGGTAACATAAGG,species2
GTGGTAACGAATCC,species2
GTGGTAACTAACCG,species2
GTGGTAACTGCTGA,species2
GTGTACGACGGTAT,species1
GTGTACGAGTCCTC,species2
GTGTACGATCACGA,species2
GTGTACGATGTAGC,species1
GTGTAGTGCTTCTA,species2
GTGTAGTGGGGCAA,species2
GTGTATCTAATGCC,species2
GTGTATCTCGAGTT,species2
GTGTATCTGACGTT,species2
GTGTCAGACTACCC,species1
GTGTGATGGGATTC,species2
GTTAAAACGGCAAG,species2
GTTAAAACGTAAAG,species1
GTTAACCTTTGGTG,species1
GTTACGGAATGACC,species2
GTTACGGACCTGTC,species2
GTTACGGAGCAGTT,species2
GTTACGGATTGTCT,species1
GTTACTACTCCAGA,species1
GTTACTACTCTCTA,species2
GTTACTACTTCGCC,species1
GTTAGGTGGACGAG,species1
GTTATAGACACAAC,species2
GTTATAGACTGCTC,species1
GTTATAGATGTAGC,species1
GTTATCTGCGCAAT,species1
GTTATCTGTACTCT,species2
GTTATGCTCTCTCG,species2
GTTATGCTGCTATG,species2
GTTCAACTAGCTCA,species2
GTTCAACTTCACCC,species2
GTTCAACTTCGTGA,species2
GTTCATACCACTTT,species1
GTTCATACTACTTC,species2
GTTCATACTGTAGC,species1
GTTGACGATTTCGT,species2
GTTGAGTGCCGTAA,species1
GTTGAGTGGCCTTC,species1
GTTGAGTGGGAAGC,species2
GTTGAGTGTGGAAA,species1
GTTGATCTCTTACT,species1
GTTGATCTGTCTAG,species2
GTTGATCTTCGTGA,species1
GTTGGATGCCTCCA,species2
GTTGGATGCGTTGA,species2
GTTGGATGGCAAGG,species1
GTTGGATGGTGCTA,species2
GTTGTACTGGAAAT,species2
GTTGTACTTTATCC,species2
TAAACAACTCTTAC,species1
TAAACAACTGGGAG,species1
TAAAGACTACGGAG,species2
TAAAGACTTACTTC,species1
TAAAGTTGCTACTT,species2
TAAAGTTGTCGCTC,species1
TAAAGTTGTGAGCT,species1
TAAATCGAAGTCTG,species1
TAAATCGAGAATAG,species1
TAAATGTGCTCCAC,species2
TAAATGTGGTCATG,species2
TAACAATGCTGCTC,species1
TAACAATGTAGAGA,species1
TAACAATGTCTTAC,species1
TAACACCTACCTCC,species2
TAACACCTCAGTCA,species2
TAACACCTGTAAAG,species2
TAACCGGAAATGCC,species1
TAACCGGAGTGCTA,species2
TAACGTCTTGGTTG,species1
TAACGTCTTGTCGA,species2
TAACGTCTTTTCGT,species2
TAACTAGAAGTCTG,species2
TAACTAGACCTTTA,species1
TAACTAGAGTATGC,species2
TAACTAGATTGGTG,species1
TAAGAGGAAAAGCA,species2
TAAGAGGAAAGGTA,species1
TAAGAGGACGACAT,species1
TAAGAGGAGGAGTG,species2
TAAGAGGAGTCTTT,species1
TAAGAGGATGCCTC,species1
TAAGATACACCTTT,species1
TAAGATACACTGGT,species1
TAAGATACAGTCAC,species2
TAAGATACCAACCA,species1
TAAGATACTGGTCA,species2
TAAGATTGCGGGAA,species1
TAAGATTGCGTAAC,species1
TAAGATTGTGGTCA,species1
TAAGATTGTGTGCA,species2
TAAGCTCTACACGT,species1
TAAGCTCTTGCTAG,species1
TAAGGCTGGACGAG,species1
TAAGGGCTATGCTG,species2
TAAGGGCTGTATGC,species1
TAAGTAACGAGCAG,species2
TAAGTCCTCCAACA,species2
TAAGTCCTTAGCCA,species1
TAATCCACTGCCAA,species1
TAATCCACTTGCTT,species2
TAATCGCTCTGGTA,species1
TAATGAACCCCACT,species1
TAATGAACGCTTCC,species1
TAATGAACGTAAGA,species1
TAATGATGCCTTCG,species1
TAATGATGCTAGAC,species1
TAATGATGCTTGTT,species1
TAATGATGTGCCCT,species1
TAATGCCTCCATGA,species2
TAATGCCTCTTATC,species1
TAATGCCTTACTGG,species1
TAATGTGACCAACA,species2
TACACACTCTTAGG,species2
TACACACTGGAAAT,species2
TACACACTGGAGCA,species2
TACACACTGGTGGA,species1
TACACACTTGTCGA,species1
TACATAGACGCATA,species2
TACATAGAGCGAGA,species2
TACATAGATTGTGG,species1
TACATCACCTATGG,species1
TACATCACGAGAGC,species1
TACCATTGGAATAG,species1
TACCATTGGGTACT,species2
TACCATTGTGGCAT,species2
TACCGAGATGCCCT,species1
TACCGCTGCATACG,species2
TACCGCTGCCGAAT,species1
TACCGCTGCTTGAG,species2
TACCGGCTGTGAGG,species1
TACCGGCTTTGGTG,species2
TACGACGACCCACT,species1
TACGACGAGCCATA,species2
TACGAGTGCACTTT,species1
TACGAGTGTTAGGC,species2
TACGATCTCTGCAA,species1
TACGATCTGGATCT,species2
TACGCAGACTGAAC,species2
TACGCAGAGGTGAG,species1
TACGCCACCAAGCT,species1
TACGCCACTACGCA,species2
TACGGAACCATGGT,species2
TACGGCCTACACTG,species2
TACGGCCTACTTTC,species2
TACGGCCTGACTAC,species2
TACGTACTACCAGT,species2
TACGTACTCGATAC,species1
TACGTACTGGACGA,species1
TACGTACTGTTCTT,species1
TACGTACTTTCTTG,species2
TACGTTACATGACC,species1
TACTACACCCATAG,species2
TACTACTGGGAGCA,species2
TACTACTGTTGACG,species1
TACTCAACCTTGGA,species2
TACTCAACGAATAG,species2
TACTCCCTAGAGGC,species1
TACTCCCTGGAGTG,species2
TACTCCCTTCCCGT,species1
TACTCTGATGTTTC,species2
TACTTGACACCGAT,species1
TACTTGACCTGGTA,species2
TACTTGACGACGGA,species1
TACTTTCTGACAGG,species2
TACTTTCTTTTACC,species2
TAGAAACTTAGACC,species2
TAGAGAGAAAAAGC,species1
TAGAGAGACGACAT,species1
TAGAGAGAGTTGCA,species1
TAGAGCACATGCCA,species2
TAGATCCTCGCATA,species2
TAGATCCTCGCCTT,species2
TAGATTGAGGCGAA,species1
TAGATTGATCTAGG,species2
TAGCATCTCGTGAT,species2
TAGCATCTGTTAGC,species1
TAGCATCTTCTAGG,species2
TAGCCCACCAGCTA,species2
TAGCCCACTAACCG,species2
TAGCCCTGAAGCAA,species1
TAGCCCTGCCATGA,species2
TAGCCCTGCCTCCA,species2
TAGCCCTGCGTAAC,species1
TAGCCCTGGATAGA,species2
TAGCCCTGTCGATG,species1
TAGCCGCTCATGAC,species1
TAGCCGCTCTACGA,species1
TAGCCGCTTGAACC,species1
TAGCTACTCACACA,species2
TAGCTACTGGACTT,species1
TAGGACTGACTCTT,species1
TAGGACTGGTAAAG,species2
TAGGAGCTCCAACA,species2
TAGGAGCTTAAAGG,species2
TAGGAGCTTGACCA,species1
TAGGCAACGATACC,species1
TAGGCAACTAGCGT,species1
TAGGCATGACACAC,species1
TAGGCATGAGTTCG,species2
TAGGCATGTCGTGA,species1
TAGGCTGACTCAAG,species2
TAGGCTGATGCGTA,species1
TAGGGACTATAAGG,species2
TAGGGACTCGACTA,species2
TAGGTCGAAACGTC,species2
TAGGTCGAAAGCAA,species2
TAGGTCGAGACACT,species2
TAGGTCGAGCGTAT,species2
TAGGTGACCGATAC,species2
TAGGTGACGCAGTT,species1
TAGGTGACGGGATG,species2
TAGGTGACTGACTG,species2
TAGGTGACTGTCAG,species2
TAGGTGTGAATGCC,species2
TAGGTTCTACTAGC,species1
TAGGTTCTATCAGC,species1
TAGGTTCTGAGCTT,species1
TAGGTTCTTCGCTC,species2
TAGTAAACAAGGTA,species1
TAGTAAACCTACGA,species2
TAGTAAACGGTAAA,species2
TAGTAATGCAAAGA,species2
TAGTAATGGGGCAA,species2
TAGTACCTAGCACT,species2
TAGTACCTCAGAGG,species2
TAGTACCTCCACAA,species1
TAGTATGACACTAG,species2
TAGTCACTCTGATG,species1
TAGTCACTGCTATG,species1
TAGTCACTTGCCAA,species1
TAGTCGGAAGAGAT,species1
TAGTCGGAGTTTCT,species1
TAGTCTTGGGAGTG,species1
TAGTCTTGTTGGTG,species2
TAGTTAGACCCTAC,species1
TAGTTCACACCTGA,species1
TAGTTCACGTAAGA,species2
TATAAGACCATCAG,species1
TATAAGTGAGTCAC,species2
TATAAGTGCACTTT,species2
TATACAGAGTGTTG,species1
TATACCACGTTACG,species1
TATACGCTCTTGGA,species2
TATACGCTGGTAGG,species1
TATACGCTTCCCGT,species2
TATAGATGAGTGTC,species1
TATAGCCTCCCAAA,species1
TATAGCCTCCCACT,species1
TATAGCCTCCTGTC,species2
TATAGCCTCCTTGC,species1
TATAGCCTGGGATG,species1
TATCAAGAATTCCT,species1
TATCAAGATCGCCT,species1
TATCACTGAAAAGC,species1
TATCACTGAAGATG,species2
TATCACTGCAAGCT,species1
TATCACTGCGGAGA,species2
TATCACTGGTAGCT,species1
TATCACTGTATTCC,species2
TATCACTGTCTTCA,species2
TATCAGCTGGTAGG,species2
TATCAGCTGTCACA,species2
TATCCAACTGCGTA,species1
TATCCAACTTACTC,species1
TATCCTGAAACCAC,species2
TATCCTGATGTCGA,species2
TATCCTGATGTGCA,species1
TATCCTGATTTGCT,species1
TATCGACTACTAGC,species2
TATCGACTGGTGGA,species1
TATCGACTTTCTCA,species2
TATCGTACAACGAA,species2
TATCGTACAGTCTG,species2
TATCGTACTGACTG,species1
TATCGTACTTCGTT,species1
TATCTCGAAGTACC,species1
TATCTCGACTCAAG,species2
TATCTCGAGTAGGG,species1
TATCTGACGGACTT,species2
TATCTTCTAAACGA,species2
TATCTTCTACCCAA,species1
TATCTTCTACTACG,species1
TATCTTCTCTACCC,species1
TATCTTCTTAAGCC,species2
TATCTTCTTCCTAT,species1
TATGAATGCTCAGA,species2
TATGAATGGAACCT,species1
TATGAATGGACGTT,species1
TATGAATGGCATCA,species2
TATGAATGTCTCCG,species2
TATGCGGAGGAGTG,species1
TATGCGGAGGTGAG,species1
TATGCGGATCAAGC,species1
TATGGGACACGGTT,species1
TATGGTCTAGTAGA,species2
TATGGTCTATTGGC,species2
TATGGTCTGCTAAC,species2
TATGTCACCTGCAA,species2
TATGTCTGAACCAC,species1
TATGTCTGACCTCC,species2
TATGTGCTGATAGA,species2
TATTTCCTAGATCC,species1
TCAAGGACAGAACA,species1
TCAAGGACGAACCT,species1
TCAAGGTGAAGTGA,species2
TCAAGGTGACACAC,species2
TCAAGGTGTCGATG,species1
TCAAGTCTCTCATT,species2
TCAAGTCTGACGTT,species2
TCAAGTCTTGAACC,species2
TCAAGTCTTGCAAC,species2
TCAATAGAAGTACC,species2
TCAATCACAAGGTA,species2
TCAATCACAGTTCG,species1
TCAATCACCCGTTC,species2
TCAATCACGTTGGT,species2
TCACAACTAGTGTC,species1
TCACAACTGCGTAT,species2
TCACATACAACCTG,species2
TCACATACCGTGTA,species1
TCACCCGACAGAAA,species1
TCACCCGAGAAAGT,species1
TCACCCGAGAATAG,species1
TCACCCGAGCGATT,species2
TCACCCGATTCACT,species2
TCACCGTGCCGTTC,species1
TCACCGTGGGAGTG,species2
TCACCTCTCGTTGA,species1
TCACTATGACGCAT,species1
TCACTATGGGAGCA,species1
TCAGACGAGCGATT,species1
TCAGAGACCTATGG,species1
TCAGAGACGGACTT,species1
TCAGAGACTTTCGT,species2
TCAGCAGACAGCTA,species1
TCAGCAGACGTACA,species1
TCAGCAGACTTCCG,species2
TCAGCGCTTGGAAA,species1
TCAGGATGATCGTG,species2
TCAGGATGGTGAGG,species2
TCAGTACTAGATGA,species2
TCAGTACTCCCGTT,species2
TCAGTGGAATGCCA,species1
TCAGTGGACTTACT,species2
TCAGTTACGCTGAT,species2
TCAGTTACTGCCAA,species2
TCATCAACCACACA,species2
TCATCAACGTTTCT,species1
TCATCATGAAACAG,species2
TCATCATGACTTTC,species2
TCATCATGCAAGCT,species1
TCATCATGCTGAAC,species1
TCATCATGTCGCTC,species2
TCATCATGTGCTAG,species1
TCATCCCTCATTCT,species2
TCATCCCTCGTGAT,species1
TCATCCCTGCTACA,species1
TCATCCCTTCCGTC,species2
TCATTCGAACACCA,species1
TCATTCGACAATCG,species2
TCATTGACGATACC,species2
TCCACGTGTTGACG,species2
TCCACTCTAAGCCT,species1
TCCACTCTACACAC,species1
TCCACTCTTTGAGC,species2
TCCAGAGAAGAGAT,species1
TCCAGAGACAGTCA,species1
TCCAGAGACTTCGC,species1
TCCAGAGAGAAAGT,species2
TCCAGAGAGTGTTG,species1
TCCAGAGATTGCTT,species2
TCCATAACCTAGCA,species2
TCCATAACGTCAAC,species1
TCCATCCTCCCTAC,species1
TCCATCCTCCGCTT,species1
TCCATCCTCGTACA,species2
TCCATCCTGCGTAT,species1
TCCATCCTGTAAAG,species2
TCCCACGAAGCATC,species2
TCCCACGACAGATC,species1
TCCCACGACCGTTC,species2
TCCCGATGGGTAAA,species1
TCCCGATGTAGTCG,species2
TCCCTACTGAGGAC,species2
TCCGAAGATTGACG,species2
TCCGAGCTCGACTA,species2
TCCGAGCTCGATAC,species2
TCCGAGCTGTTGCA,species2
TCCGAGCTTACTCT,species2
TCCGAGCTTCGCAA,species1
TCCGAGCTTGACCA,species2
TCCGGACTATAAGG,species2
TCCGGACTTGGTAC,species1
TCCTAAACACGCTA,species1
TCCTAAACCGTGAT,species2
TCCTAAACTTTCAC,species2
TCCTAATGATTCGG,species2
TCCTAATGTGGAAA,species2
TCCTATGAACTGTG,species2
TCCTATGAGATAAG,species2
TCGAATCTAGAGTA,species2
TCGAATCTTAGTCG,species1
TCGACCTGAACAGA,species1
TCGACCTGATGCCA,species2
TCGACCTGGTTGCA,species2
TCGACGCTACGTTG,species2
TCGACGCTTGGAGG,species1
TCGAGCCTAGAATG,species2
TCGATACTACTCAG,species2
TCGATTTGAGTGTC,species2
TCGATTTGCAGCTA,species2
TCGATTTGGCTTCC,species2
TCGATTTGTTCGCC,species2
TCGCAAGAAGTACC,species2
TCGCAAGACCTGAA,species2
TCGCAAGAGAATAG,species1
TCGCACACGGCGAA,species1
TCGCACTGCTGAAC,species2
TCGCACTGTTCGGA,species1
TCGCCATGAAGGTA,species2
TCGCCATGACAGTC,species2
TCGCCATGCACTTT,species1
TCGCCATGGCATCA,species2
TCGCCATGTAACGC,species2
TCGGACCTGTGTCA,species2
TCGGACCTTCAGGT,species1
TCGGCACTCGAGTT,species1
TCGGTAGAATCGTG,species1
TCGGTAGAGGAGGT,species2
TCGTGAGACACACA,species1
TCGTGAGATTTGGG,species1
TCGTTATGACCACA,species1
TCGTTATGCATCAG,species1
TCTAACACACCATG,species1
TCTAACACGAACCT,species1
TCTAACTGCAATCG,species1
TCTAACTGCCTATT,species2
TCTAACTGTTCGGA,species2
TCTAAGCTGAGGAC,species2
TCTAAGCTGCATAC,species1
TCTAGACTAAAAGC,species1
TCTAGACTGCTTAG,species2
TCTAGACTGTAAAG,species2
TCTAGACTTGACCA,species2
TCTAGTTGATCGGT,species2
TCTAGTTGCCGATA,species1
TCTAGTTGGCTAAC,species2
TCTAGTTGTGTCCC,species1
TCTAGTTGTGTGCA,species2
TCTATGTGAAGATG,species1
TCTATGTGGGTTCA,species1
TCTATGTGTAGAGA,species2
TCTCAAACACGCAT,species1
TCTCAAACGCCAAT,species1
TCTCCACTTCAGGT,species1
TCTCTAGACTAGTG,species1
TCTCTAGATCGCTC,species1
TCTGATACGGTGTT,species2
TCTGATACTACGAC,species2
TCTGATACTCGTGA,species1
TCTGATACTCTCTA,species2
TCTTACGAACTTTC,species2
TCTTACGATCGATG,species1
TCTTACGATTGGCA,species1
TCTTCAGATACAGC,species1
TCTTGATGTGCTCC,species2
TGAAATTGATCGGT,species2
TGAAATTGGACGTT,species2
TGAAATTGGTCTAG,species2
TGAACCGACCAGTA,species2
TGAACCGACTCATT,species2
TGAACCGACTTATC,species1
TGAAGCACCAAGCT,species2
TGAAGCACGCCAAT,species2
TGAAGCTGAGCTCA,species2
TGAAGCTGGCATCA,species1
TGAAGCTGGTCAAC,species2
TGAAGCTGTCGATG,species2
TGAATAACTTCTCA,species1
TGACCAGACTCTTA,species1
TGACCAGAGATAAG,species2
TGACCAGAGCGTTA,species1
TGACGAACACACAC,species2
TGACGAACGGTGGA,species2
TGACGAACTGAACC,species2
TGACGATGACACTG,species1
TGACGATGAGCATC,species2
TGACGATGCCTTTA,species1
TGACGATGCTACGA,species2
TGACGATGGCCCTT,species1
TGACGATGGTAGCT,species1
TGACGATGGTGTAC,species1
TGACGCCTCAACCA,species1
TGACGCCTGCTAAC,species2
TGACGCCTTAGACC,species1
TGACTGGACAGAAA,species2
TGACTGGACCATGA,species1
TGACTTACGATACC,species1
TGACTTACTTGCAG,species1
TGACTTACTTGTCT,species1
TGACTTTGAGCGTT,species2
TGAGACACATCAGC,species1
TGAGACACGGCGAA,species1
TGAGACACTAGCGT,species2
TGAGCAACACACTG,species2
TGAGCAACCGTACA,species1
TGAGGACTAACGAA,species1
TGAGGACTAGAGTA,species1
TGAGGACTCTCATT,species2
TGAGGACTGGTTTG,species1
TGAGGTACAGGTTC,species1
TGAGGTACCGTTGA,species2
TGAGGTACGCAAGG,species2
TGAGGTACGTATCG,species1
TGAGGTACGTTGGT,species2
TGAGGTACTTCAGG,species2
TGAGGTACTTGAGC,species2
TGAGTGACCTTCTA,species1
TGAGTGACGGGCAA,species2
TGAGTGACTACAGC,species1
TGAGTGACTGCTCC,species1
TGATAAACCGTAGT,species2
TGATAAACGATAGA,species1
TGATACCTACCCAA,species2
TGATACCTGTAGCT,species1
TGATATGATCGTGA,species1
TGATATGATGTCTT,species1
TGATCGGAAGAACA,species2
TGATCGGACAAAGA,species2
TGATCGGACCCGTT,species2
TGATTAGATATCGG,species2
TGATTCACGCTAAC,species1
TGATTCTGCCTCCA,species2
TGCAACGACTCGCT,species2
TGCAACGAGGACTT,species1
TGCAAGACGAAAGT,species1
TGCAAGACTTACCT,species2
TGCAAGTGAGCGGA,species2
TGCAAGTGATGTGC,species2
TGCAAGTGTGTCTT,species1
TGCAATCTACACTG,species2
TGCAATCTCCAACA,species1
TGCAATCTGAACTC,species2
TGCAATCTGCGAGA,species1
TGCACAGACGGAGA,species2
TGCACAGAGTTGCA,species1
TGCACAGATCGTGA,species2
TGCACGCTGGTCTA,species2
TGCAGATGATCAGC,species1
TGCAGATGCTTACT,species2
TGCAGATGGGTAAA,species2
TGCAGATGGGTAGG,species2
TGCCAAGAAGTGCT,species2
TGCCAAGAGAATCC,species2
TGCCAAGATCGTGA,species2
TGCCACTGAACAGA,species2
TGCCACTGATAAGG,species1
TGCCACTGGTGCTA,species1
TGCCAGCTCTGAGT,species2
TGCCCAACAAGATG,species1
TGCCCAACAGTGCT,species1
TGCCCAACTGTTTC,species1
TGCCGACTATCTCT,species2
TGCCGACTTGCTTT,species2
TGCGAAACCCACCT,species2
TGCGCACTTATGCG,species2
TGCGTAGAATCACG,species2
TGCGTAGACTGACA,species2
TGCTAGGAAAAGCA,species1
TGCTAGGATAACGC,species1
TGCTAGGATGTCGA,species1
TGCTGAGATATCGG,species2
TGCTGAGATTGGTG,species1
TGCTTAACCTGTGA,species1
TGCTTAACCTTGTT,species1
TGCTTAACTTACCT,species2
TGGAAAGAAGCGGA,species2
TGGAAAGAGGCATT,species1
TGGAACACACGTAC,species1
TGGAACACCCTTGC,species2
TGGAACACGAACTC,species2
TGGAACACGTCATG,species2
TGGAACACGTTTCT,species2
TGGAACTGAAAACG,species2
TGGAACTGATTCGG,species2
TGGAACTGTGCAGT,species2
TGGACCCTACGTTG,species2
TGGACCCTACTCAG,species2
TGGACCCTAGAAGT,species1
TGGACCCTTGGGAG,species2
TGGACTGAGTTCGA,species1
TGGAGACTCAGAGG,species1
TGGAGACTTGCAGT,species1
TGGAGGGACTGCAA,species1
TGGAGGGAGGACAG,species1
TGGAGGGAGGACGA,species2
TGGAGGGATCGCCT,species2
TGGATCGACAGATC,species2
TGGATCGATGAGCT,species2
TGGATGACACGTGT,species1
TGGATGACAGATCC,species1
TGGATGTGAACGAA,species2
TGGATGTGATCGAC,species2
TGGATGTGTGTCAG,species1
TGGATTCTGCGAAG,species1
TGGATTCTTCGTAG,species2
TGGCACCTATCTTC,species1
TGGCACCTGAGGTG,species1
TGGCACCTTGAGGG,species2
TGGGTATGGATGAA,species1
TGGGTATGGCCATA,species1
TGGGTATGGTTAGC,species1
TGGGTATGTCACCC,species1
TGGGTATGTGTCTT,species1
TGGTACGACCGCTT,species2
TGGTACGAGTAAGA,species1
TGGTACGAGTCCTC,species1
TGGTAGACGGTGGA,species2
TGGTAGTGCGCTAA,species1
TGGTAGTGGCTAAC,species1
TGGTATCTTTCTGT,species1
TGGTCAGACTGGAT,species1
TGGTTACTCGTACA,species1
TGTAAAACCATTTC,species2
TGTAAAACTTGCGA,species1
TGTAACCTACACTG,species2
TGTAACCTACTTTC,species1
TGTAATGACAACCA,species2
TGTAATGACTCGCT,species1
TGTAATGACTGACA,species2
TGTAATGATCTATC,species1
TGTACTTGACTAGC,species2
TGTACTTGGTCCTC,species2
TGTACTTGTAGCGT,species1
TGTAGGTGGATAGA,species1
TGTAGGTGTCCTGC,species2
TGTAGGTGTGTCGA,species1
TGTAGTCTACGGTT,species1
TGTAGTCTAGCGTT,species1
TGTAGTCTCAGCTA,species1
TGTATCTGAACGTC,species2
TGTATCTGATTCGG,species1
TGTATCTGGGTGAG,species1
TGTATCTGTCTTAC,species1
TGTATGCTTAACCG,species1
TGTCAGGAAGTACC,species1
TGTCAGGAGAACTC,species1
TGTCTAACATCACG,species2
TGTCTAACTCCCAC,species2
TGTCTAACTCCTGC,species2
TGTCTAACTCTACT,species2
TGTGACGACCCAAA,species2
TGTGACGACTGTCC,species1
TGTGACGATCGACA,species1
TGTGACGATTTCTG,species2
TGTGAGTGCTAGAC,species2
TGTGAGTGGCTAAC,species2
TGTGAGTGGGTATC,species1
TGTGAGTGTTGCGA,species1
TGTGAGTGTTGTCT,species2
TGTGATCTACCAAC,species1
TGTGATCTCGCTAA,species2
TGTTAAGAGCGTTA,species2
TGTTAAGAGTCATG,species1
TGTTAAGATCGCAA,species1
TGTTACACAGCTCA,species2
TGTTACACCAGAGG,species1
TGTTACACCCACAA,species1
TGTTACACCTGAGT,species2
TTAACCACTGAAGA,species2
TTACACACGCGTTA,species2
TTACCATGACGCTA,species1
TTACCATGGTGTTG,species2
TTACCATGTGGTTG,species1
TTACGACTAGCAAA,species1
TTAGAATGATCGAC,species1
TTAGAATGCGTTGA,species1
TTAGACCTAACCAC,species1
TTAGACCTACGGTT,species1
TTAGCTACCAGTTG,species1
TTAGCTACTAAAGG,species2
TTAGCTACTAGCGT,species2
TTAGGGACAGCTAC,species2
TTAGGTCTCGCAAT,species1
TTAGGTCTCTCTCG,species1
TTAGTCACACAGCT,species2
TTAGTCACACGTGT,species1
TTAGTCACTAACGC,species1
TTAGTCTGAGAAGT,species2
TTAGTCTGGTTAGC,species1
TTATGAGAAAGCAA,species2
TTATGAGAACAGCT,species2
TTATGAGACATTGG,species2
TTATGAGATGATGC,species2
TTATGAGATTTGGG,species2
TTATGCACAAACAG,species1
TTATGCACGAGCTT,species2
TTATGCACTCCTCG,species1
TTATGCACTGAGCT,species1
TTATGGCTTGACTG,species2
TTATGGCTTTCGCC,species2
TTATTCCTGCGTTA,species2
TTATTCCTTCCCAC,species1
TTCAAAGAACCACA,species2
TTCAACACCACCAA,species1
TTCAACACCATGCA,species2
TTCAACACCTTCCG,species2
TTCAACACTTCGCC,species1
TTCAACACTTTGTC,species2
TTCAAGCTCGACTA,species1
TTCACAACACGCTA,species2
TTCACAACTTCCGC,species2
TTCACCCTCAACCA,species1
TTCACCCTCTGGAT,species2
TTCACCCTGGCAAG,species2
TTCAGACTCAGATC,species2
TTCAGACTGACGGA,species2
TTCAGACTGTTTGG,species2
TTCAGACTTAAGCC,species1
TTCAGACTTGAGAA,species2
TTCAGTACAACTGC,species2
TTCATCGACAGGAG,species1
TTCATGACCTCTAT,species2
TTCATGTGATGTGC,species1
TTCATTCTCTGATG,species2
TTCATTCTGCGTTA,species2
TTCATTCTGGTTTG,species2
TTCCAAACACACCA,species1
TTCCAAACCCTACC,species2
TTCCAAACCTCATT,species1
TTCCAAACGCCATA,species1
TTCCATGAAGTCGT,species1
TTCCATGACTTGCC,species2
TTCCATGATGACCA,species1
TTCCCACTAGTGTC,species2
TTCCCACTCACTAG,species2
TTCCTAGAAAGAAC,species1
TTCCTAGAACCCTC,species2
TTCCTAGAGATACC,species2
TTCCTAGAGTCTAG,species1
TTCGAGGAGTGAGG,species2
TTCGAGGATGCCTC,species1
TTCGATTGAACCAC,species2
TTCGATTGCTGTCC,species2
TTCGATTGGTGTCA,species2
TTCGGAGAACAGTC,species1
TTCGGAGAACGCTA,species1
TTCGGAGACTATTC,species2
TTCGGAGATTCTAC,species2
TTCGTATGCGAGAG,species2
TTCGTATGGGACTT,species1
TTCGTATGGGTTCA,species2
TTCGTATGTGGAAA,species2
TTCGTATGTTGCAG,species2
TTCTACGAGATGAA,species1
TTCTACGATAACGC,species2
TTCTAGTGCCATAG,species1
TTCTCAGATGGAAA,species1
TTCTGATGAGAACA,species1
TTCTGATGATTCTC,species2
TTCTGATGCTGTTT,species2
TTCTGATGGAGAGC,species2
TTCTTACTGTTGAC,species1
TTCTTACTTAAGGA,species1
TTGAATGAATTCCT,species1
TTGAATGACTGCAA,species2
TTGACACTCTAGCA,species2
TTGACACTTCCCGT,species2
TTGACACTTCTCAT,species2
TTGACACTTTCTGT,species2
TTGAGGACTCCTCG,species1
TTGAGGACTTTGCT,species2
TTGAGGTGAGCGGA,species1
TTGAGGTGGTTCAG,species2
TTGAGGTGTCCCAC,species2
TTGATCTGAGCTAC,species2
TTGATCTGCGTGAT,species2
TTGATCTGCTGACA,species1
TTGCATTGAGACTC,species1
TTGCATTGATGCCA,species2
TTGCTAACGTTCGA,species2
TTGGAGTGCCTTCG,species1
TTGGAGTGTAACGC,species1
TTGGAGTGTCTCGC,species2
TTGGGAACGCGTAT,species1
TTGGGAACGTGTCA,species2
TTGGTACTAGCGGA,species2
TTGGTACTGAGAGC,species1
TTGGTACTGTTGTG,species2
TTGTACACACGACT,species2
TTGTACACGTCTGA,species2
TTGTAGCTATCTTC,species2
TTGTCATGATAAGG,species1
TTGTCATGCAGTTG,species1
TTGTCATGTCTTTG,species2
TTTAGAGAATCTTC,species2
TTTAGAGACGATAC,species1
TTTAGAGAGATGAA,species2
TTTAGAGATACGCA,species2
TTTAGCTGAGCACT,species1
TTTAGCTGCGGTAT,species1
TTTAGCTGCTAGAC,species2
TTTAGCTGTGGAAA,species2
TTTAGCTGTGGGAG,species1
TTTAGCTGTTCCCG,species1
TTTAGGCTCCTACC,species2
TTTATCCTGCTTCC,species1
TTTATCCTTCCTAT,species2
TTTATCCTTCTAGG,species2
TTTATCCTTGTTTC,species1
TTTCACGAAGCAAA,species1
TTTCACGACGTGTA,species2
TTTCACGAGTCATG,species2
TTTCACGAGTCTGA,species2
TTTCACGAGTGTTG,species2
TTTCAGTGCGCCTT,species2
TTTCAGTGTGACAC,species2
TTTCCAGACCTCAC,species2
TTTCCAGAGCTGTA,species1
TTTCGAACATACCG,species2
TTTCGAACGAACTC,species1
TTTCTACTAACGAA,species2
TTTCTACTGTCTAG,species2
TTTGACTGCCCTCA,species2
TTTGACTGTCATTC,species2
TTTGACTGTGGGAG,species1
TTTGCATGAGATCC,species1
TTTGCATGCTCATT,species1
TTTGCATGTTGTCT,species2
